sample_name,split,prefix,source_panel,pdb_relpath,expdta,rosetta_marker,rosetta_version,header_date,file_size_bytes,file_sha256,git_blob_sha1,source_repo,source_commit
Me_1000AAAsresult_proc0015_0016,train,Me_,Rosetta-2023,nmethyl_data/raw_pdb/Me_1000AAAsresult_proc0015_0016.pdb,THEORETICAL MODEL,1,2023.35+release.23439d3,28-SEP-24,18225,bb23a9950e1d4fb44808ff5aaa23909701f80e7405f8667254cbaa2e536f2d85,9283c7c90271eef81188b65493ce31a115c2b201,DCarchimonde/ProteinMPNN,28dff152d83623dfb322480413b7dc889f8537a4
Me_1001AAAsresult_proc0006_0012,train,Me_,Rosetta-2023,nmethyl_data/raw_pdb/Me_1001AAAsresult_proc0006_0012.pdb,THEORETICAL MODEL,1,2023.35+release.23439d3,28-SEP-24,17010,e6fd9711edd14aa6866cbc8117eccc39aa6c61ac8efd28f33ecd19ebd5f408b4,8cc82d60f7835908b00406264467caf668b66c5f,DCarchimonde/ProteinMPNN,28dff152d83623dfb322480413b7dc889f8537a4
Me_1002AAAsresult_proc0002_0072,test,Me_,Rosetta-2023,nmethyl_data/raw_pdb/Me_1002AAAsresult_proc0002_0072.pdb,THEORETICAL MODEL,1,2023.35+release.23439d3,28-SEP-24,16524,eda0da23eb90e1509bcb16ebffc6f48c585289a05d295b5146988579a51d5492,33413970deb1da4f0ff30d295bfaf8e577e59cd0,DCarchimonde/ProteinMPNN,28dff152d83623dfb322480413b7dc889f8537a4
Me_1003AAAsresult_proc0011_0014,train,Me_,Rosetta-2023,nmethyl_data/raw_pdb/Me_1003AAAsresult_proc0011_0014.pdb,THEORETICAL MODEL,1,2023.35+release.23439d3,28-SEP-24,11336,0c64fbb064f836174e5c8dde77954e94b5ec0ca68d8a6b3297d8be4b7ff070ec,9d3b72a4730530e2b2f3edfbe29da4579538cd21,DCarchimonde/ProteinMPNN,28dff152d83623dfb322480413b7dc889f8537a4
Me_1004AAAsresult_proc0002_0068,train,Me_,Rosetta-2023,nmethyl_data/raw_pdb/Me_1004AAAsresult_proc0002_0068.pdb,THEORETICAL MODEL,1,2023.35+release.23439d3,28-SEP-24,20007,9837fb41546a1faa74c6c89e12c9511e4b8a0b9b2bdeb751440a7d36e9ba33a3,d3d6eadff1035c490c730cbcf33ba8e0965381e9,DCarchimonde/ProteinMPNN,28dff152d83623dfb322480413b7dc889f8537a4
Me_1005AAAsresult_proc0016_0070,train,Me_,Rosetta-2023,nmethyl_data/raw_pdb/Me_1005AAAsresult_proc0016_0070.pdb,THEORETICAL MODEL,1,2023.35+release.23439d3,28-SEP-24,15471,ff8d86f7b2032e07be356ab1c9ba5e5885df8234525b2e554bb351a4dd432f96,fc3e5f365e253de1c48ec6435e4c84b4365cbe87,DCarchimonde/ProteinMPNN,28dff152d83623dfb322480413b7dc889f8537a4
Me_1006AAAsresult_proc0002_0086,train,Me_,Rosetta-2023,nmethyl_data/raw_pdb/Me_1006AAAsresult_proc0002_0086.pdb,THEORETICAL MODEL,1,2023.35+release.23439d3,28-SEP-24,13041,e20e9f5dd079a2acdfa7a65dc42a5a160710c16143121e1f22678367052675d5,0d2cc7cdaab7df356da06f846321ea14da13e224,DCarchimonde/ProteinMPNN,28dff152d83623dfb322480413b7dc889f8537a4
Me_1007AAAsresult_proc0002_0028,train,Me_,Rosetta-2023,nmethyl_data/raw_pdb/Me_1007AAAsresult_proc0002_0028.pdb,THEORETICAL MODEL,1,2023.35+release.23439d3,28-SEP-24,16524,07e1b8d879584d120667278879b121faf8e4ac643fc96accbbcdab5d00b13a40,452394f97b4ba47fe22bfa56317be509e70748ae,DCarchimonde/ProteinMPNN,28dff152d83623dfb322480413b7dc889f8537a4
Me_1009AAAsresult_proc0008_0090,train,Me_,Rosetta-2023,nmethyl_data/raw_pdb/Me_1009AAAsresult_proc0008_0090.pdb,THEORETICAL MODEL,1,2023.35+release.23439d3,28-SEP-24,17253,334cf2afd8925d50b7e74b618347dfc94957fdf00999fb33876fcf67e8da5348,cf1a0198a05bc4df9bf815a0ccf21f2d72484e8c,DCarchimonde/ProteinMPNN,28dff152d83623dfb322480413b7dc889f8537a4
Me_100AAAsresult_proc0006_0055,test,Me_,Rosetta-2023,nmethyl_data/raw_pdb/Me_100AAAsresult_proc0006_0055.pdb,THEORETICAL MODEL,1,2023.35+release.23439d3,03-APR-24,10530,1a87f8741627596647fbe356f4ce1b819a0e1418dd1f7173ee18f7d9e19849f1,a87c7207669f4c2e4e3d44bf1a58c08cf55e115d,DCarchimonde/ProteinMPNN,28dff152d83623dfb322480413b7dc889f8537a4
Me_1010AAAsresult_proc0014_0040,train,Me_,Rosetta-2023,nmethyl_data/raw_pdb/Me_1010AAAsresult_proc0014_0040.pdb,THEORETICAL MODEL,1,2023.35+release.23439d3,28-SEP-24,15876,386836bc52f1d65da73e69cee933e54304c85271c82312090ff569cac08a6529,0040eff9a8fd719fadc9739f023e0bb1df5e621e,DCarchimonde/ProteinMPNN,28dff152d83623dfb322480413b7dc889f8537a4
Me_1011AAAsresult_proc0002_0165,train,Me_,Rosetta-2023,nmethyl_data/raw_pdb/Me_1011AAAsresult_proc0002_0165.pdb,THEORETICAL MODEL,1,2023.35+release.23439d3,28-SEP-24,17010,6381027292a2718e0773881c04f858f00260a0477ad6a956fbb3510519cffa55,68f4da0e427310672a9be8d9acaf01188c63e0dd,DCarchimonde/ProteinMPNN,28dff152d83623dfb322480413b7dc889f8537a4
Me_1012AAAsresult_proc0011_0008,train,Me_,Rosetta-2023,nmethyl_data/raw_pdb/Me_1012AAAsresult_proc0011_0008.pdb,THEORETICAL MODEL,1,2023.35+release.23439d3,28-SEP-24,16686,7ea0c39a5c8d75ea6d8040a68c84ef8011151316e2d76a5b9dc93482b2939968,91c9afd495166ce6b32e1aafb2fd0353a25ec42a,DCarchimonde/ProteinMPNN,28dff152d83623dfb322480413b7dc889f8537a4
Me_1013AAAsresult_proc0011_0069,train,Me_,Rosetta-2023,nmethyl_data/raw_pdb/Me_1013AAAsresult_proc0011_0069.pdb,THEORETICAL MODEL,1,2023.35+release.23439d3,28-SEP-24,19197,6760fec20817a6c46d01bf889b0b4dd10fa26642a409aee5850e752814fc64d8,5ed69a283273674b141d94ce16e3d5c5d3e82d7e,DCarchimonde/ProteinMPNN,28dff152d83623dfb322480413b7dc889f8537a4
Me_1014AAAsresult_proc0011_0075,test,Me_,Rosetta-2023,nmethyl_data/raw_pdb/Me_1014AAAsresult_proc0011_0075.pdb,THEORETICAL MODEL,1,2023.35+release.23439d3,28-SEP-24,18792,1ca758baf1f10ac3e0f38d66919be9fb40a9d899db9b5cf3597f46366d431fe9,78951204e963cd985bf9edf38536aa432499433a,DCarchimonde/ProteinMPNN,28dff152d83623dfb322480413b7dc889f8537a4
Me_1018AAAsresult_proc0009_0066,train,Me_,Rosetta-2023,nmethyl_data/raw_pdb/Me_1018AAAsresult_proc0009_0066.pdb,THEORETICAL MODEL,1,2023.35+release.23439d3,29-SEP-24,17739,f4dfea52fbd33cf680175eed984aab4c905e0c70869b8e0565e039e03bf4435c,ccb3d0bb9466f59ede2b4d6b120907b109df02a0,DCarchimonde/ProteinMPNN,28dff152d83623dfb322480413b7dc889f8537a4
Me_1019AAAsresult_proc0003_0019,train,Me_,Rosetta-2023,nmethyl_data/raw_pdb/Me_1019AAAsresult_proc0003_0019.pdb,THEORETICAL MODEL,1,2023.35+release.23439d3,29-SEP-24,13284,5950f236381a3f83cd97240b3b97b30cc5d60f2b741a97ce03dc555b2921b7a9,ad5480eb8a45a791c92a5c48b38f611da76b47a6,DCarchimonde/ProteinMPNN,28dff152d83623dfb322480413b7dc889f8537a4
Me_1021AAAsresult_proc0006_0083,test,Me_,Rosetta-2023,nmethyl_data/raw_pdb/Me_1021AAAsresult_proc0006_0083.pdb,THEORETICAL MODEL,1,2023.35+release.23439d3,29-SEP-24,21627,bb0b02234dc402f6e98dd54f25752c4ba60f58583e544fc8630bdd96f7a614ca,52a50ddb64ecbdc9a3c6ffa6d6e3ffbc094aa940,DCarchimonde/ProteinMPNN,28dff152d83623dfb322480413b7dc889f8537a4
Me_1023AAAsresult_proc0011_0016,train,Me_,Rosetta-2023,nmethyl_data/raw_pdb/Me_1023AAAsresult_proc0011_0016.pdb,THEORETICAL MODEL,1,2023.35+release.23439d3,29-SEP-24,17658,aa39bd7a83da83450a4da87dd114474bebd88e3f61d63f184659e147f7f3d04e,7da8f918e9fa03ba6b9e985c7cd7fc8eae09672e,DCarchimonde/ProteinMPNN,28dff152d83623dfb322480413b7dc889f8537a4
Me_1024AAAsresult_proc0014_0068,train,Me_,Rosetta-2023,nmethyl_data/raw_pdb/Me_1024AAAsresult_proc0014_0068.pdb,THEORETICAL MODEL,1,2023.35+release.23439d3,29-SEP-24,18792,dbffe9946e448d7d07a44164fd20fe1a60bb133b6fb62d6c03f9138e408c2865,f2dac631219307237420dff0ecfd237fc283fe6c,DCarchimonde/ProteinMPNN,28dff152d83623dfb322480413b7dc889f8537a4
Me_1025AAAsresult_proc0010_0055,test,Me_,Rosetta-2023,nmethyl_data/raw_pdb/Me_1025AAAsresult_proc0010_0055.pdb,THEORETICAL MODEL,1,2023.35+release.23439d3,29-SEP-24,14499,a43a1b7a7e8159ccb14b01f194dc7ecc9bf20dd8ce7c9155aeee0c9c6ce31642,e6e81a1ae62a725a7b4629f35b79237cb41bed3e,DCarchimonde/ProteinMPNN,28dff152d83623dfb322480413b7dc889f8537a4
Me_1026AAAsresult_proc0017_0052,train,Me_,Rosetta-2023,nmethyl_data/raw_pdb/Me_1026AAAsresult_proc0017_0052.pdb,THEORETICAL MODEL,1,2023.35+release.23439d3,29-SEP-24,13608,40abdb0063bea8e23bd66709cbdacbe7772e95a1d8aa3420cd299680ccfe2f49,036807202f738700e5f2517974bc8d4129fcd5b2,DCarchimonde/ProteinMPNN,28dff152d83623dfb322480413b7dc889f8537a4
Me_1027AAAsresult_proc0015_0009,train,Me_,Rosetta-2023,nmethyl_data/raw_pdb/Me_1027AAAsresult_proc0015_0009.pdb,THEORETICAL MODEL,1,2023.35+release.23439d3,29-SEP-24,14985,d274113a1929cd77b227b810750d499c8310fdb57ee39eea7974103509d84da9,6b2a2eccd96cecd5e89400efbe37ebdc1e8f3cf2,DCarchimonde/ProteinMPNN,28dff152d83623dfb322480413b7dc889f8537a4
Me_1028AAAsresult_proc0006_0030,train,Me_,Rosetta-2023,nmethyl_data/raw_pdb/Me_1028AAAsresult_proc0006_0030.pdb,THEORETICAL MODEL,1,2023.35+release.23439d3,29-SEP-24,15552,3fff4bee603d0f2f2cf8399b1b0564aa180c8e1d785df68492f916f2da36022a,ad54f42094092b1b16314a7bcff0a1a1feb0d712,DCarchimonde/ProteinMPNN,28dff152d83623dfb322480413b7dc889f8537a4
Me_102AAAsresult_proc0006_0003,train,Me_,Rosetta-2023,nmethyl_data/raw_pdb/Me_102AAAsresult_proc0006_0003.pdb,THEORETICAL MODEL,1,2023.35+release.23439d3,03-APR-24,12879,84acd17d707490aa12fdfd1084c64314933553af885d517a91480a77a0740788,cdc0a62605862c335a28693c1b4ec178301ff685,DCarchimonde/ProteinMPNN,28dff152d83623dfb322480413b7dc889f8537a4
Me_1030AAAsresult_proc0016_0038,train,Me_,Rosetta-2023,nmethyl_data/raw_pdb/Me_1030AAAsresult_proc0016_0038.pdb,THEORETICAL MODEL,1,2023.35+release.23439d3,29-SEP-24,14985,b33e4945514dc7dcc2183a67d34734d3cb40398d8737b1168dc18f2dea8a4bb9,8768cba97031bbd3fa236880e8e9e576aec60dbb,DCarchimonde/ProteinMPNN,28dff152d83623dfb322480413b7dc889f8537a4
Me_1031AAAsresult_proc0005_0053,train,Me_,Rosetta-2023,nmethyl_data/raw_pdb/Me_1031AAAsresult_proc0005_0053.pdb,THEORETICAL MODEL,1,2023.35+release.23439d3,29-SEP-24,19262,6b91a9377f3ae2b02a40d73710b70f8ba1b2282dc39454f768d4a234f04c873b,b536a44bfef9084805ed337db7b7b199b1b1099a,DCarchimonde/ProteinMPNN,28dff152d83623dfb322480413b7dc889f8537a4
Me_1032AAAsresult_proc0013_0044,train,Me_,Rosetta-2023,nmethyl_data/raw_pdb/Me_1032AAAsresult_proc0013_0044.pdb,THEORETICAL MODEL,1,2023.35+release.23439d3,30-SEP-24,18549,5a9c141f56fc89d759c48d67ef344d05678563c5438a6b5bf4d197b2abfed810,a6a8835c92a413107c651766d9603dacc97dbf0f,DCarchimonde/ProteinMPNN,28dff152d83623dfb322480413b7dc889f8537a4
Me_1033AAAsresult_proc0002_0055,test,Me_,Rosetta-2023,nmethyl_data/raw_pdb/Me_1033AAAsresult_proc0002_0055.pdb,THEORETICAL MODEL,1,2023.35+release.23439d3,30-SEP-24,13118,13d140c3b4eec91363fb9475613a253c979a3a4b3fdd46ba3d283fcbdc11baa6,2c226d2f628825eaa16aa377ebf20705cec78749,DCarchimonde/ProteinMPNN,28dff152d83623dfb322480413b7dc889f8537a4
Me_1035AAAsresult_proc0004_0099,train,Me_,Rosetta-2023,nmethyl_data/raw_pdb/Me_1035AAAsresult_proc0004_0099.pdb,THEORETICAL MODEL,1,2023.35+release.23439d3,30-SEP-24,14580,fe1650044c4b92cd42c83648b3112c0ecc6e7c58e7ada5f1cbc5259d79f5c3a2,43a0494cd94205519242448114c922195dba43fd,DCarchimonde/ProteinMPNN,28dff152d83623dfb322480413b7dc889f8537a4
Me_1036AAAsresult_proc0002_0035,train,Me_,Rosetta-2023,nmethyl_data/raw_pdb/Me_1036AAAsresult_proc0002_0035.pdb,THEORETICAL MODEL,1,2023.35+release.23439d3,30-SEP-24,17820,b573f945f88880c50f3dfdec917d09d1e222735c446dadfcea21a41598511ea8,a4897380de6a88fbaf8a83dbc767f682d59c6f67,DCarchimonde/ProteinMPNN,28dff152d83623dfb322480413b7dc889f8537a4
Me_1037AAAsresult_proc0010_0045,train,Me_,Rosetta-2023,nmethyl_data/raw_pdb/Me_1037AAAsresult_proc0010_0045.pdb,THEORETICAL MODEL,1,2023.35+release.23439d3,30-SEP-24,17739,92d94b42fcbb169ba3b4ce455cb4fbf85a26de3d4203f78169d4f325f62882ac,97b504c1f64e101b8008446cccfcc2e5df94f8be,DCarchimonde/ProteinMPNN,28dff152d83623dfb322480413b7dc889f8537a4
Me_1038AAAsresult_proc0013_0011,train,Me_,Rosetta-2023,nmethyl_data/raw_pdb/Me_1038AAAsresult_proc0013_0011.pdb,THEORETICAL MODEL,1,2023.35+release.23439d3,30-SEP-24,17577,7c0bfc79d9d56be718f6d1a1bc969f9169387ca576fa7f0a334500dcc5c882ec,ecf335c17a2c61c241cfa6b8ef269c254e011d7a,DCarchimonde/ProteinMPNN,28dff152d83623dfb322480413b7dc889f8537a4
Me_1039AAAsresult_proc0004_0024,train,Me_,Rosetta-2023,nmethyl_data/raw_pdb/Me_1039AAAsresult_proc0004_0024.pdb,THEORETICAL MODEL,1,2023.35+release.23439d3,30-SEP-24,13932,32653db9c23001a03505fda800cbde84932bce72caa039959ba9028409a90ccc,372aad9b6147b48c93f8a4c0e3ff69039741569e,DCarchimonde/ProteinMPNN,28dff152d83623dfb322480413b7dc889f8537a4
Me_103AAAsresult_proc0002_0050,train,Me_,Rosetta-2023,nmethyl_data/raw_pdb/Me_103AAAsresult_proc0002_0050.pdb,THEORETICAL MODEL,1,2023.35+release.23439d3,03-APR-24,11583,bd08f26ade290523d9ab8ddb4ef08f16171a5a04429196566a0f055db20077c7,683ace1aaa47e4126763612cea0dbfe2e0ebde8d,DCarchimonde/ProteinMPNN,28dff152d83623dfb322480413b7dc889f8537a4
Me_1040AAAsresult_proc0005_0012,test,Me_,Rosetta-2023,nmethyl_data/raw_pdb/Me_1040AAAsresult_proc0005_0012.pdb,THEORETICAL MODEL,1,2023.35+release.23439d3,30-SEP-24,18630,291a5bf14973a8244fb63100b81d858292e54e7ea510e819af81e5c0b619cb3a,4207260aff305cca07ae5cbf51ae41e24fd8246b,DCarchimonde/ProteinMPNN,28dff152d83623dfb322480413b7dc889f8537a4
Me_1041AAAsresult_proc0006_0046,train,Me_,Rosetta-2023,nmethyl_data/raw_pdb/Me_1041AAAsresult_proc0006_0046.pdb,THEORETICAL MODEL,1,2023.35+release.23439d3,30-SEP-24,17415,6ee862b243c8fa8e1398f37e83ba81d677e1b6e962ea7a4d17f3f11cbc88f3cd,a074afb47a42d5886c96e8dd51089e415bd28edf,DCarchimonde/ProteinMPNN,28dff152d83623dfb322480413b7dc889f8537a4
Me_1042AAAsresult_proc0017_0102,test,Me_,Rosetta-2023,nmethyl_data/raw_pdb/Me_1042AAAsresult_proc0017_0102.pdb,THEORETICAL MODEL,1,2023.35+release.23439d3,30-SEP-24,13770,ce3b4ca6f05e99077cfc95c77e0a0507ef7be2166d865eb38a37e35eab83a3d1,e0313c03513afda09b655641ac9ce15b19b7f910,DCarchimonde/ProteinMPNN,28dff152d83623dfb322480413b7dc889f8537a4
Me_1043AAAsresult_proc0013_0065,test,Me_,Rosetta-2023,nmethyl_data/raw_pdb/Me_1043AAAsresult_proc0013_0065.pdb,THEORETICAL MODEL,1,2023.35+release.23439d3,30-SEP-24,16200,11c837f455be73574cd36abb9c8022ca7fd762f0882165cddf77ec03656738dd,99e2d2482a3ffde4f445bd72ba6f92b83a51955a,DCarchimonde/ProteinMPNN,28dff152d83623dfb322480413b7dc889f8537a4
Me_1044AAAsresult_proc0002_0007,train,Me_,Rosetta-2023,nmethyl_data/raw_pdb/Me_1044AAAsresult_proc0002_0007.pdb,THEORETICAL MODEL,1,2023.35+release.23439d3,30-SEP-24,13689,b36187ccc95664e9d8941df089e8462c3c3e5aa3bc874be99aaa7b9067649350,bd2d8b390678ca834721029d78a429324de04a02,DCarchimonde/ProteinMPNN,28dff152d83623dfb322480413b7dc889f8537a4
Me_1045AAAsresult_proc0017_0094,train,Me_,Rosetta-2023,nmethyl_data/raw_pdb/Me_1045AAAsresult_proc0017_0094.pdb,THEORETICAL MODEL,1,2023.35+release.23439d3,30-SEP-24,11826,8f8077e9c4eb99372dad72de4cccb19461816eceea5a301570b0246326fc8413,7982680cd7821647166b2c9596907076a4c4d935,DCarchimonde/ProteinMPNN,28dff152d83623dfb322480413b7dc889f8537a4
Me_1046AAAsresult_proc0012_0016,train,Me_,Rosetta-2023,nmethyl_data/raw_pdb/Me_1046AAAsresult_proc0012_0016.pdb,THEORETICAL MODEL,1,2023.35+release.23439d3,30-SEP-24,18549,9b2d7e3c057b8ccb003a48258f8216ec2716ea5bfee42163afe643208770a000,6aec96925565e966482113971fcfde86a870d779,DCarchimonde/ProteinMPNN,28dff152d83623dfb322480413b7dc889f8537a4
Me_1047AAAsresult_proc0005_0046,test,Me_,Rosetta-2023,nmethyl_data/raw_pdb/Me_1047AAAsresult_proc0005_0046.pdb,THEORETICAL MODEL,1,2023.35+release.23439d3,30-SEP-24,19359,266fda39b47819a9fbed381c9067c9372f84ea09e7e8ece324a0714d2f2721a4,0d5ff469d34f5719233fa5e58665e72dd2efa9e3,DCarchimonde/ProteinMPNN,28dff152d83623dfb322480413b7dc889f8537a4
Me_1048AAAsresult_proc0010_0065,test,Me_,Rosetta-2023,nmethyl_data/raw_pdb/Me_1048AAAsresult_proc0010_0065.pdb,THEORETICAL MODEL,1,2023.35+release.23439d3,30-SEP-24,15795,880a2e4f834ec9f7ea2281b81a3f354e314bfdaae1ca085432b9b20b68fb7de8,9cd20999016d71a243d6986dd6e7559a491cfdab,DCarchimonde/ProteinMPNN,28dff152d83623dfb322480413b7dc889f8537a4
Me_1049AAAsresult_proc0004_0027,test,Me_,Rosetta-2023,nmethyl_data/raw_pdb/Me_1049AAAsresult_proc0004_0027.pdb,THEORETICAL MODEL,1,2023.35+release.23439d3,30-SEP-24,13932,ed5fb2b1bddca7d07a6ed6dec0ee48859d118b9b0ca734477085ff1ac94dfab0,639c962c510bca185c92a4b5aed2938504ba505a,DCarchimonde/ProteinMPNN,28dff152d83623dfb322480413b7dc889f8537a4
Me_1051AAAsresult_proc0014_0066,train,Me_,Rosetta-2023,nmethyl_data/raw_pdb/Me_1051AAAsresult_proc0014_0066.pdb,THEORETICAL MODEL,1,2023.35+release.23439d3,01-OCT-24,15876,f1146106a789e509dfa01e7070e14bb5f98d3ca388846e3bf1bdf59529836946,f6af5f11e51131317289198f98e9f1c2786174d6,DCarchimonde/ProteinMPNN,28dff152d83623dfb322480413b7dc889f8537a4
Me_1052AAAsresult_proc0011_0039,test,Me_,Rosetta-2023,nmethyl_data/raw_pdb/Me_1052AAAsresult_proc0011_0039.pdb,THEORETICAL MODEL,1,2023.35+release.23439d3,01-OCT-24,14661,1844eeae573b06ea4943454be888a5f3bd040b3e48c2d223461d817d2db5f449,b19e0d2bf628c972e71e1edecf172a8b10c4e952,DCarchimonde/ProteinMPNN,28dff152d83623dfb322480413b7dc889f8537a4
Me_1053AAAsresult_proc0013_0049,train,Me_,Rosetta-2023,nmethyl_data/raw_pdb/Me_1053AAAsresult_proc0013_0049.pdb,THEORETICAL MODEL,1,2023.35+release.23439d3,01-OCT-24,14981,dc39cf7ae180e660ac23ac4ca4310c1be7efa5486a90c8c1726949829454a5be,6d13095eca3fc36e1f6fd82d8f3d778c74e88a59,DCarchimonde/ProteinMPNN,28dff152d83623dfb322480413b7dc889f8537a4
Me_1054AAAsresult_proc0014_0012,train,Me_,Rosetta-2023,nmethyl_data/raw_pdb/Me_1054AAAsresult_proc0014_0012.pdb,THEORETICAL MODEL,1,2023.35+release.23439d3,01-OCT-24,12960,8f0c6f9f0a8b24ad4a43e8481a94e1a6da9f0eae7fc666b650da8765a274449d,de8b771ddc7bd33e39f7a61e81755af4382efea3,DCarchimonde/ProteinMPNN,28dff152d83623dfb322480413b7dc889f8537a4
Me_1055AAAsresult_proc0002_0019,train,Me_,Rosetta-2023,nmethyl_data/raw_pdb/Me_1055AAAsresult_proc0002_0019.pdb,THEORETICAL MODEL,1,2023.35+release.23439d3,01-OCT-24,15228,edb3365204ad151fbdd949b6aed4b094a5ba0f8c0cbf0af2267aa7329bf60632,1d42e4648b87eefb5f70b8205e380851e2885160,DCarchimonde/ProteinMPNN,28dff152d83623dfb322480413b7dc889f8537a4
Me_1056AAAsresult_proc0017_0109,test,Me_,Rosetta-2023,nmethyl_data/raw_pdb/Me_1056AAAsresult_proc0017_0109.pdb,THEORETICAL MODEL,1,2023.35+release.23439d3,01-OCT-24,15714,735d5e35b9231db23700d1355e940bc24aa15c2a9eceb2e829432b71cef96741,16235fd08b0a4d6af8b7c203b4f5866de2b0be5c,DCarchimonde/ProteinMPNN,28dff152d83623dfb322480413b7dc889f8537a4
Me_1057AAAsresult_proc0012_0007,train,Me_,Rosetta-2023,nmethyl_data/raw_pdb/Me_1057AAAsresult_proc0012_0007.pdb,THEORETICAL MODEL,1,2023.35+release.23439d3,01-OCT-24,13203,54535e2af813a804344786a96f97ea695b6f199906a69eaf1c7dcecd5f7b2144,f0cc6c02e2636ad68209416ef00166823161feff,DCarchimonde/ProteinMPNN,28dff152d83623dfb322480413b7dc889f8537a4
Me_1058AAAsresult_proc0011_0028,train,Me_,Rosetta-2023,nmethyl_data/raw_pdb/Me_1058AAAsresult_proc0011_0028.pdb,THEORETICAL MODEL,1,2023.35+release.23439d3,01-OCT-24,16605,575a672ec775e91fd7d074caee6621e3271b4c0c918fbc6fe8820cc440040e58,e69e430a715704dab1c2db433b83a0df26694d5d,DCarchimonde/ProteinMPNN,28dff152d83623dfb322480413b7dc889f8537a4
Me_1059AAAsresult_proc0008_0012,test,Me_,Rosetta-2023,nmethyl_data/raw_pdb/Me_1059AAAsresult_proc0008_0012.pdb,THEORETICAL MODEL,1,2023.35+release.23439d3,01-OCT-24,12717,8884ee03d4ec91591f1667d8634c25acbd4fb6a1548e7196bc095e7ce5ad400e,7d79fc4b233f0a2a8a05e444b9fc9c3ce8ab9184,DCarchimonde/ProteinMPNN,28dff152d83623dfb322480413b7dc889f8537a4
Me_1062AAAsresult_proc0002_0002,train,Me_,Rosetta-2023,nmethyl_data/raw_pdb/Me_1062AAAsresult_proc0002_0002.pdb,THEORETICAL MODEL,1,2023.35+release.23439d3,01-OCT-24,15633,81e72eca705f7316b0fb72b9ce8e2dd6e4ca32c111c28b880fbb21a1f97a5b51,f7df68baf126d79fde49ed47fb61bf171281eef4,DCarchimonde/ProteinMPNN,28dff152d83623dfb322480413b7dc889f8537a4
Me_1063AAAsresult_proc0007_0027,train,Me_,Rosetta-2023,nmethyl_data/raw_pdb/Me_1063AAAsresult_proc0007_0027.pdb,THEORETICAL MODEL,1,2023.35+release.23439d3,01-OCT-24,16281,53b6e9113c0707ddc33eb853bf7698f321d3e03ac0690a8c233201f59cdbc035,da9469a8752a983037835cc39f00ff334d029b63,DCarchimonde/ProteinMPNN,28dff152d83623dfb322480413b7dc889f8537a4
Me_1064AAAsresult_proc0001_0014,test,Me_,Rosetta-2023,nmethyl_data/raw_pdb/Me_1064AAAsresult_proc0001_0014.pdb,THEORETICAL MODEL,1,2023.35+release.23439d3,01-OCT-24,15957,ddef32f8d8dcd3b38416e117d1cc1e6fad7ff78504eeb4754b5748f29c6b0065,ca72bb09de7496c7f50ede04344c6c66de230eac,DCarchimonde/ProteinMPNN,28dff152d83623dfb322480413b7dc889f8537a4
Me_1065AAAsresult_proc0005_0015,train,Me_,Rosetta-2023,nmethyl_data/raw_pdb/Me_1065AAAsresult_proc0005_0015.pdb,THEORETICAL MODEL,1,2023.35+release.23439d3,01-OCT-24,19845,2f0f05bc77dac98aa33fa0bb061479d7b507093efa01f6a5d0e50378b31be0ed,d2965418f5ca41e53213c3c13a21098003881039,DCarchimonde/ProteinMPNN,28dff152d83623dfb322480413b7dc889f8537a4
Me_1067AAAsresult_proc0012_0021,train,Me_,Rosetta-2023,nmethyl_data/raw_pdb/Me_1067AAAsresult_proc0012_0021.pdb,THEORETICAL MODEL,1,2023.35+release.23439d3,01-OCT-24,15633,721d7b8bb74773012e7bc652861f6d04483fb13202daadc57710ad7639b7da58,4452e7bfa10467bf0cc008d71c98b3d5f7048e0b,DCarchimonde/ProteinMPNN,28dff152d83623dfb322480413b7dc889f8537a4
Me_1068AAAsresult_proc0002_0005,train,Me_,Rosetta-2023,nmethyl_data/raw_pdb/Me_1068AAAsresult_proc0002_0005.pdb,THEORETICAL MODEL,1,2023.35+release.23439d3,01-OCT-24,11907,a926efa8ca90d97e9920269bcbc196a971702a1c3e0c47b0a38c3a8fabf7ad00,288a2eac6f11cfe7487d1ce8d399e5f2505f7a33,DCarchimonde/ProteinMPNN,28dff152d83623dfb322480413b7dc889f8537a4
Me_1069AAAsresult_proc0003_0001,train,Me_,Rosetta-2023,nmethyl_data/raw_pdb/Me_1069AAAsresult_proc0003_0001.pdb,THEORETICAL MODEL,1,2023.35+release.23439d3,01-OCT-24,18954,f9e1c56b097a5c72e119747a1d9c3de84bb70f3817075fe5508b626eb8397210,fd3c44cb17fd3289fc25888956e2caa096d3911e,DCarchimonde/ProteinMPNN,28dff152d83623dfb322480413b7dc889f8537a4
Me_1070AAAsresult_proc0006_0036,train,Me_,Rosetta-2023,nmethyl_data/raw_pdb/Me_1070AAAsresult_proc0006_0036.pdb,THEORETICAL MODEL,1,2023.35+release.23439d3,01-OCT-24,18549,f780e09158b42def676a25e247807ac6c2a49b5d69cb972d9ec3a9694380c7a8,c4bef7ffd53f444d687c779a093930db644902b5,DCarchimonde/ProteinMPNN,28dff152d83623dfb322480413b7dc889f8537a4
Me_1071AAAsresult_proc0016_0016,train,Me_,Rosetta-2023,nmethyl_data/raw_pdb/Me_1071AAAsresult_proc0016_0016.pdb,THEORETICAL MODEL,1,2023.35+release.23439d3,01-OCT-24,18144,fc2120f2d8f409993aa832ddbf140c75eeba11ac94c7ad84b9c632a0e7bf48b9,9185b20eae64342a0eaf1347daac142218d43370,DCarchimonde/ProteinMPNN,28dff152d83623dfb322480413b7dc889f8537a4
Me_1073AAAsresult_proc0005_0041,train,Me_,Rosetta-2023,nmethyl_data/raw_pdb/Me_1073AAAsresult_proc0005_0041.pdb,THEORETICAL MODEL,1,2023.35+release.23439d3,01-OCT-24,14094,cbe40ace343c6b37b897cda1030c8d0bf462a3a9781aaa945798ea9a629f69e4,a6537f5464b4f7b3af7d2b1dbacb76c1e694d0d3,DCarchimonde/ProteinMPNN,28dff152d83623dfb322480413b7dc889f8537a4
Me_1074AAAsresult_proc0014_0019,train,Me_,Rosetta-2023,nmethyl_data/raw_pdb/Me_1074AAAsresult_proc0014_0019.pdb,THEORETICAL MODEL,1,2023.35+release.23439d3,01-OCT-24,14904,414853815287c38ff1ef58fda8e692c8949db82ce5cb76ef8e51f79eb989bfe4,3b90f0abaf113c601bde1aa5386aae1fee82e201,DCarchimonde/ProteinMPNN,28dff152d83623dfb322480413b7dc889f8537a4
Me_1076AAAsresult_proc0009_0006,train,Me_,Rosetta-2023,nmethyl_data/raw_pdb/Me_1076AAAsresult_proc0009_0006.pdb,THEORETICAL MODEL,1,2023.35+release.23439d3,01-OCT-24,16929,5453aa2463ac052750f90add0c54d3e48f370e219f39a5678e6f5b9341b642da,051373faf5768c9613caff6b3d4c396063791abd,DCarchimonde/ProteinMPNN,28dff152d83623dfb322480413b7dc889f8537a4
Me_1077AAAsresult_proc0003_0002,test,Me_,Rosetta-2023,nmethyl_data/raw_pdb/Me_1077AAAsresult_proc0003_0002.pdb,THEORETICAL MODEL,1,2023.35+release.23439d3,01-OCT-24,13608,0e100202705c2ea0f7b6eb2b708d365210dc95ffd3457684a2fb34c7a4e8af73,b22b9ea606cbf657173614d65fc3f2620896f32d,DCarchimonde/ProteinMPNN,28dff152d83623dfb322480413b7dc889f8537a4
Me_1078AAAsresult_proc0017_0014,test,Me_,Rosetta-2023,nmethyl_data/raw_pdb/Me_1078AAAsresult_proc0017_0014.pdb,THEORETICAL MODEL,1,2023.35+release.23439d3,01-OCT-24,17253,6cc2108000915d14af0e669d58a37d378e51a9a7db4946ed276ae163fb475ef8,5da53c92bef28cc687a471366c32e747d3ec055e,DCarchimonde/ProteinMPNN,28dff152d83623dfb322480413b7dc889f8537a4
Me_107AAAsresult_proc0002_0021,test,Me_,Rosetta-2023,nmethyl_data/raw_pdb/Me_107AAAsresult_proc0002_0021.pdb,THEORETICAL MODEL,1,2023.35+release.23439d3,03-APR-24,11097,318b1051b5e89191f699bd5df929e0ae46603d75194afce492dfa2e84e897d01,501cd4bbe0eed63675b7f340a9764878d5eb885d,DCarchimonde/ProteinMPNN,28dff152d83623dfb322480413b7dc889f8537a4
Me_1080AAAsresult_proc0010_0022,test,Me_,Rosetta-2023,nmethyl_data/raw_pdb/Me_1080AAAsresult_proc0010_0022.pdb,THEORETICAL MODEL,1,2023.35+release.23439d3,01-OCT-24,16524,dc699135dce147bab7e4e44cb566b0564ec541f276b72810bac31a4e857b88e8,884c7de52544e1c7b166559b48bad7003a7359c4,DCarchimonde/ProteinMPNN,28dff152d83623dfb322480413b7dc889f8537a4
Me_1081AAAsresult_proc0003_0010,train,Me_,Rosetta-2023,nmethyl_data/raw_pdb/Me_1081AAAsresult_proc0003_0010.pdb,THEORETICAL MODEL,1,2023.35+release.23439d3,01-OCT-24,13203,4da7bc7f440441aec33e552eecaa9c7430262fa744fdc7654997c74676ff6d19,7abdafb5b122ac141fb0d09c8cfeb40761d60227,DCarchimonde/ProteinMPNN,28dff152d83623dfb322480413b7dc889f8537a4
Me_1082AAAsresult_proc0012_0036,train,Me_,Rosetta-2023,nmethyl_data/raw_pdb/Me_1082AAAsresult_proc0012_0036.pdb,THEORETICAL MODEL,1,2023.35+release.23439d3,01-OCT-24,17901,bf710116a8e5ee7ee1b6b2d04a892e65dbce3a775e9e34246c9de01028da205a,0f1e9c1f41fa30cb4f281846c6425b4937e9fe94,DCarchimonde/ProteinMPNN,28dff152d83623dfb322480413b7dc889f8537a4
Me_1084AAAsresult_proc0012_0017,test,Me_,Rosetta-2023,nmethyl_data/raw_pdb/Me_1084AAAsresult_proc0012_0017.pdb,THEORETICAL MODEL,1,2023.35+release.23439d3,02-OCT-24,13932,9205e8f01e1cc0e60fb0d63f24adeff4dfb3411879609b83b8d546dd79e600b0,a3899c0ed815a1a9f3c1541bd7f06dd506a8efc6,DCarchimonde/ProteinMPNN,28dff152d83623dfb322480413b7dc889f8537a4
Me_1086AAAsresult_proc0017_0008,train,Me_,Rosetta-2023,nmethyl_data/raw_pdb/Me_1086AAAsresult_proc0017_0008.pdb,THEORETICAL MODEL,1,2023.35+release.23439d3,02-OCT-24,19926,8dd9dc19b4d807250ad516dd2d365e2a40fc319ccd59774a91b41ae6aa5278ba,d965689ab5d1eba3edf3f99ba3add323656754b2,DCarchimonde/ProteinMPNN,28dff152d83623dfb322480413b7dc889f8537a4
Me_1088AAAsresult_proc0001_0007,test,Me_,Rosetta-2023,nmethyl_data/raw_pdb/Me_1088AAAsresult_proc0001_0007.pdb,THEORETICAL MODEL,1,2023.35+release.23439d3,02-OCT-24,14337,711fbee844a1c5dc3e162988a5426314e34d54c4e88ddcb2b8083129c1682141,ebda3e8f4dad2bb979987f05ec424b0754d4e326,DCarchimonde/ProteinMPNN,28dff152d83623dfb322480413b7dc889f8537a4
Me_1089AAAsresult_proc0013_0020,train,Me_,Rosetta-2023,nmethyl_data/raw_pdb/Me_1089AAAsresult_proc0013_0020.pdb,THEORETICAL MODEL,1,2023.35+release.23439d3,02-OCT-24,11745,3e93f936ea5b4552ff9f7f43f384b53f0b68751768721df07ec86f3c032faaf3,8974a17179d963c77482463583cfe8a6f7e854f0,DCarchimonde/ProteinMPNN,28dff152d83623dfb322480413b7dc889f8537a4
Me_108AAAsresult_proc0006_0017,train,Me_,Rosetta-2023,nmethyl_data/raw_pdb/Me_108AAAsresult_proc0006_0017.pdb,THEORETICAL MODEL,1,2023.35+release.23439d3,03-APR-24,14175,9f2151577a7ef6f4fe0d0660418d967758aa355096cfe898c1a5d7e99cb05a79,5469e704078c3473c61adb226fca5c9c2697ea4e,DCarchimonde/ProteinMPNN,28dff152d83623dfb322480413b7dc889f8537a4
Me_1090AAAsresult_proc0009_0009,test,Me_,Rosetta-2023,nmethyl_data/raw_pdb/Me_1090AAAsresult_proc0009_0009.pdb,THEORETICAL MODEL,1,2023.35+release.23439d3,02-OCT-24,19035,9851dc241b27a722a3d33800ade01e7c69cba1338f3971358ebd94208f51d9db,fe0aaf2f997f3b963fc70f1153dd494cace0c6f8,DCarchimonde/ProteinMPNN,28dff152d83623dfb322480413b7dc889f8537a4
Me_1091AAAsresult_proc0001_0029,train,Me_,Rosetta-2023,nmethyl_data/raw_pdb/Me_1091AAAsresult_proc0001_0029.pdb,THEORETICAL MODEL,1,2023.35+release.23439d3,02-OCT-24,14823,1e03b4d64128a5633044c1ee358c1e628349e26789595f620d061a79f719e429,72a32fb1d8d6e8f5c15694a7792406f87a601bde,DCarchimonde/ProteinMPNN,28dff152d83623dfb322480413b7dc889f8537a4
Me_1092AAAsresult_proc0016_0026,train,Me_,Rosetta-2023,nmethyl_data/raw_pdb/Me_1092AAAsresult_proc0016_0026.pdb,THEORETICAL MODEL,1,2023.35+release.23439d3,02-OCT-24,14742,35c3bd37b2c08ea89dc629667af06eec2ae74a0509e23003b1ce33e44ebd9250,c31c26475ab3f34a27a50b1c5b123d15fc592531,DCarchimonde/ProteinMPNN,28dff152d83623dfb322480413b7dc889f8537a4
Me_1093AAAsresult_proc0002_0026,test,Me_,Rosetta-2023,nmethyl_data/raw_pdb/Me_1093AAAsresult_proc0002_0026.pdb,THEORETICAL MODEL,1,2023.35+release.23439d3,02-OCT-24,20331,4cd7cc3eef794620ff8697c0f55cf2c34a0d331661bdf6a0830890c057f43086,14a05547a878b033c6deccd9155ac6e801c6dbc3,DCarchimonde/ProteinMPNN,28dff152d83623dfb322480413b7dc889f8537a4
Me_1094AAAsresult_proc0014_0003,train,Me_,Rosetta-2023,nmethyl_data/raw_pdb/Me_1094AAAsresult_proc0014_0003.pdb,THEORETICAL MODEL,1,2023.35+release.23439d3,02-OCT-24,16119,696f73f4dfbca0a59e69e235424637cc9c0b1f6fc4c030d12ba442951e127db5,5240cf24292d6b51118245fba5fd9ba6a9f1e394,DCarchimonde/ProteinMPNN,28dff152d83623dfb322480413b7dc889f8537a4
Me_1095AAAsresult_proc0006_0003,train,Me_,Rosetta-2023,nmethyl_data/raw_pdb/Me_1095AAAsresult_proc0006_0003.pdb,THEORETICAL MODEL,1,2023.35+release.23439d3,02-OCT-24,18468,2374acfd9851f5fb22c1f0f95bf05495ac313646bf57638643dd20d5fac98077,693911f260d08aaa31902ac4a8c52acd65ceec42,DCarchimonde/ProteinMPNN,28dff152d83623dfb322480413b7dc889f8537a4
Me_1096AAAsresult_proc0014_0018,train,Me_,Rosetta-2023,nmethyl_data/raw_pdb/Me_1096AAAsresult_proc0014_0018.pdb,THEORETICAL MODEL,1,2023.35+release.23439d3,02-OCT-24,15795,6f5190331cd7d9d2d8d626777de30b3fc0d18ce0d15af25c7335540b412c6f2a,a82d7bc9e2a3cae229c4d04a20a7937e3810b93c,DCarchimonde/ProteinMPNN,28dff152d83623dfb322480413b7dc889f8537a4
Me_1098AAAsresult_proc0011_0009,train,Me_,Rosetta-2023,nmethyl_data/raw_pdb/Me_1098AAAsresult_proc0011_0009.pdb,THEORETICAL MODEL,1,2023.35+release.23439d3,02-OCT-24,15066,6bacf7cf63408e2d816f18e3f138844f0116ae8fb8cb8b84ea2ab8cf7266f1a2,f106313f36eaa59e6c2f00d63fccb4017826db34,DCarchimonde/ProteinMPNN,28dff152d83623dfb322480413b7dc889f8537a4
Me_1099AAAsresult_proc0002_0026,test,Me_,Rosetta-2023,nmethyl_data/raw_pdb/Me_1099AAAsresult_proc0002_0026.pdb,THEORETICAL MODEL,1,2023.35+release.23439d3,02-OCT-24,17172,4a21b99fe97a02205fbcbc40263e30d40d8adc63aa0fecaf327ac030cc7fe8b2,f9bf4e2e0fdd07fb16bb8a3752515da560b0083f,DCarchimonde/ProteinMPNN,28dff152d83623dfb322480413b7dc889f8537a4
Me_109AAAsresult_proc0017_0048,train,Me_,Rosetta-2023,nmethyl_data/raw_pdb/Me_109AAAsresult_proc0017_0048.pdb,THEORETICAL MODEL,1,2023.35+release.23439d3,03-APR-24,12231,35952d03857390e1a14cbc14457bfdf784cfe24b9795d322f2aa0f45cf972af2,6182cfc7cf928df89ee5d653d985664802bee77c,DCarchimonde/ProteinMPNN,28dff152d83623dfb322480413b7dc889f8537a4
Me_10AAAsresult_proc0008_0133,train,Me_,Rosetta-2023,nmethyl_data/raw_pdb/Me_10AAAsresult_proc0008_0133.pdb,THEORETICAL MODEL,1,2023.35+release.23439d3,27-MAR-24,17739,32ee097fb0739908aa9e840d11ef74cac59782e33bd13c48df495108beaf1516,4d943e8250b7553084e16529787869406838985f,DCarchimonde/ProteinMPNN,28dff152d83623dfb322480413b7dc889f8537a4
Me_1100AAAsresult_proc0016_0036,test,Me_,Rosetta-2023,nmethyl_data/raw_pdb/Me_1100AAAsresult_proc0016_0036.pdb,THEORETICAL MODEL,1,2023.35+release.23439d3,02-OCT-24,19521,646af122acc48164572eab56562bb5541a0a57730789d0aee46bb672b157e3a5,e8692ae9cc3def8eedaec3065d812f2694c9c74c,DCarchimonde/ProteinMPNN,28dff152d83623dfb322480413b7dc889f8537a4
Me_1102AAAsresult_proc0012_0010,train,Me_,Rosetta-2023,nmethyl_data/raw_pdb/Me_1102AAAsresult_proc0012_0010.pdb,THEORETICAL MODEL,1,2023.35+release.23439d3,02-OCT-24,14904,4cde6f25d4d193fd5206808d235234e8d32e75f94345a91796542101802866e5,b342bc0889ad99f41a8891fe06234a27e08043b9,DCarchimonde/ProteinMPNN,28dff152d83623dfb322480413b7dc889f8537a4
Me_1103AAAsresult_proc0010_0023,train,Me_,Rosetta-2023,nmethyl_data/raw_pdb/Me_1103AAAsresult_proc0010_0023.pdb,THEORETICAL MODEL,1,2023.35+release.23439d3,02-OCT-24,16443,28590f750f0797720674e9a35d3b3206c1a9c0996789ae4be5a894d2211dfbcf,e4763ffd5d2bbf1159abce59a5e09558365767c1,DCarchimonde/ProteinMPNN,28dff152d83623dfb322480413b7dc889f8537a4
Me_1104AAAsresult_proc0001_0002,test,Me_,Rosetta-2023,nmethyl_data/raw_pdb/Me_1104AAAsresult_proc0001_0002.pdb,THEORETICAL MODEL,1,2023.35+release.23439d3,02-OCT-24,14985,d9c59b4dd3d34130c61ed381019d5c9f5fd7a843e2e1aa7e5cc3ecf63b071657,c2bda047ebb8c0a8cd7f94dff1adca335cb15d9a,DCarchimonde/ProteinMPNN,28dff152d83623dfb322480413b7dc889f8537a4
Me_1105AAAsresult_proc0011_0034,train,Me_,Rosetta-2023,nmethyl_data/raw_pdb/Me_1105AAAsresult_proc0011_0034.pdb,THEORETICAL MODEL,1,2023.35+release.23439d3,02-OCT-24,16929,7485099ae8b03eb2bd27661b6c878726953be4790b43934d90497c5aa7443e87,8fa562a815717fe7d0f39b910a5a911ab52cf601,DCarchimonde/ProteinMPNN,28dff152d83623dfb322480413b7dc889f8537a4
Me_1106AAAsresult_proc0002_0045,train,Me_,Rosetta-2023,nmethyl_data/raw_pdb/Me_1106AAAsresult_proc0002_0045.pdb,THEORETICAL MODEL,1,2023.35+release.23439d3,02-OCT-24,14252,509bd51ca721e350229b877177dddb38d0721f0d43e0c92484b1e9d887d4e17f,7da4af70c52ed8cca849f0dd99feb0d1d077cf8e,DCarchimonde/ProteinMPNN,28dff152d83623dfb322480413b7dc889f8537a4
Me_1107AAAsresult_proc0009_0008,train,Me_,Rosetta-2023,nmethyl_data/raw_pdb/Me_1107AAAsresult_proc0009_0008.pdb,THEORETICAL MODEL,1,2023.35+release.23439d3,02-OCT-24,18144,8bcbf4a502a72b71f338910a6a9d69172e70705328549155fa0f5bbe4722c015,0ba5d5f997976a1b5d4655cbeb6c3d1828b29e5a,DCarchimonde/ProteinMPNN,28dff152d83623dfb322480413b7dc889f8537a4
Me_1108AAAsresult_proc0013_0027,train,Me_,Rosetta-2023,nmethyl_data/raw_pdb/Me_1108AAAsresult_proc0013_0027.pdb,THEORETICAL MODEL,1,2023.35+release.23439d3,02-OCT-24,18792,751634353eb977ee052b8952413e6785c98deacebe605a8868fa07304bf02b46,b1e6d645023cca6758ba4fb603be1741d2a8db94,DCarchimonde/ProteinMPNN,28dff152d83623dfb322480413b7dc889f8537a4
Me_1109AAAsresult_proc0011_0003,train,Me_,Rosetta-2023,nmethyl_data/raw_pdb/Me_1109AAAsresult_proc0011_0003.pdb,THEORETICAL MODEL,1,2023.35+release.23439d3,02-OCT-24,11421,e4b12a2ba944570f7d7ac8d3938e98a75d1ea979f8aaf7c63e9e2979da86d2fc,40497c5e21a18a44401f0661ec676f229a31feab,DCarchimonde/ProteinMPNN,28dff152d83623dfb322480413b7dc889f8537a4
Me_110AAAsresult_proc0011_0043,train,Me_,Rosetta-2023,nmethyl_data/raw_pdb/Me_110AAAsresult_proc0011_0043.pdb,THEORETICAL MODEL,1,2023.35+release.23439d3,03-APR-24,11178,8d0208ff1b95c74b45d022c92665a5646503626f3cb45a6976bf093cda9a14c6,ebaf3443d61fa182387dd8a98f7a129af6810945,DCarchimonde/ProteinMPNN,28dff152d83623dfb322480413b7dc889f8537a4
Me_1110AAAsresult_proc0003_0012,test,Me_,Rosetta-2023,nmethyl_data/raw_pdb/Me_1110AAAsresult_proc0003_0012.pdb,THEORETICAL MODEL,1,2023.35+release.23439d3,02-OCT-24,16508,0eb7842fcdbcb375c606fc8cdf32559467107180748a2ef60ed16c784c7114b3,292978a5f1c553f1704750ad641b10c0fa60032f,DCarchimonde/ProteinMPNN,28dff152d83623dfb322480413b7dc889f8537a4
Me_1111AAAsresult_proc0014_0006,train,Me_,Rosetta-2023,nmethyl_data/raw_pdb/Me_1111AAAsresult_proc0014_0006.pdb,THEORETICAL MODEL,1,2023.35+release.23439d3,02-OCT-24,14256,98befe9cff31a7dedfdf7f7036c8afa2d84c9536fa756f4d6d5a929321b5bb12,ee6752c92bd36581fd1be1227e764f497755f5f0,DCarchimonde/ProteinMPNN,28dff152d83623dfb322480413b7dc889f8537a4
Me_1112AAAsresult_proc0015_0043,test,Me_,Rosetta-2023,nmethyl_data/raw_pdb/Me_1112AAAsresult_proc0015_0043.pdb,THEORETICAL MODEL,1,2023.35+release.23439d3,02-OCT-24,15390,f340d258f80ff2241d776a4a2b1a638a2868293259e630699f47232b1f6130d4,f27f29e76393847b8645361620fdb46e71a3ea9d,DCarchimonde/ProteinMPNN,28dff152d83623dfb322480413b7dc889f8537a4
Me_1113AAAsresult_proc0005_0014,train,Me_,Rosetta-2023,nmethyl_data/raw_pdb/Me_1113AAAsresult_proc0005_0014.pdb,THEORETICAL MODEL,1,2023.35+release.23439d3,02-OCT-24,18144,147eb8ccb499249aff1a6f3a9c55f30a0cce6748873b4366a1198fb643010dd5,c355d2f56f038ae4c3b96ee44a323a40144f573c,DCarchimonde/ProteinMPNN,28dff152d83623dfb322480413b7dc889f8537a4
Me_1114AAAsresult_proc0002_0013,train,Me_,Rosetta-2023,nmethyl_data/raw_pdb/Me_1114AAAsresult_proc0002_0013.pdb,THEORETICAL MODEL,1,2023.35+release.23439d3,02-OCT-24,19926,9f37f1d95ef2573282745a098e9da4cf621051b0c7562a55a6e5b0d45ab9c37b,b5402441a44259cbdd02f934a71c070f7b0b8bd1,DCarchimonde/ProteinMPNN,28dff152d83623dfb322480413b7dc889f8537a4
Me_1115AAAsresult_proc0008_0013,train,Me_,Rosetta-2023,nmethyl_data/raw_pdb/Me_1115AAAsresult_proc0008_0013.pdb,THEORETICAL MODEL,1,2023.35+release.23439d3,02-OCT-24,16620,7d03e235223221365ebc24eb429d13c41bf0c168cb8ca0388f30f4364625cd89,6c942ea52a79296e13e3a413c5df5ad5e3fd1567,DCarchimonde/ProteinMPNN,28dff152d83623dfb322480413b7dc889f8537a4
Me_1116AAAsresult_proc0015_0013,train,Me_,Rosetta-2023,nmethyl_data/raw_pdb/Me_1116AAAsresult_proc0015_0013.pdb,THEORETICAL MODEL,1,2023.35+release.23439d3,02-OCT-24,13203,9cc61f37b1a71b22b7d477b7f56f8d837edf27346de00642eea3f80bc89d8c5b,22895baac8d8d91bf2d18042089b88ea70ae7bae,DCarchimonde/ProteinMPNN,28dff152d83623dfb322480413b7dc889f8537a4
Me_1117AAAsresult_proc0004_0003,train,Me_,Rosetta-2023,nmethyl_data/raw_pdb/Me_1117AAAsresult_proc0004_0003.pdb,THEORETICAL MODEL,1,2023.35+release.23439d3,02-OCT-24,14013,ab4af36ad8624dd30438034d91f86821122e37ba74e7e3c0c285b2dab2a95473,19d5c5efbba8c596357499e47437227a09964216,DCarchimonde/ProteinMPNN,28dff152d83623dfb322480413b7dc889f8537a4
Me_1118AAAsresult_proc0013_0006,train,Me_,Rosetta-2023,nmethyl_data/raw_pdb/Me_1118AAAsresult_proc0013_0006.pdb,THEORETICAL MODEL,1,2023.35+release.23439d3,02-OCT-24,13689,0cf5d507d1fa106e34062d6556291cf1a4cb916572e40a6d4ae248acbb4c43b0,76f3b6a36e05396e5d8c7d846afd35ac327f4359,DCarchimonde/ProteinMPNN,28dff152d83623dfb322480413b7dc889f8537a4
Me_1119AAAsresult_proc0004_0014,train,Me_,Rosetta-2023,nmethyl_data/raw_pdb/Me_1119AAAsresult_proc0004_0014.pdb,THEORETICAL MODEL,1,2023.35+release.23439d3,02-OCT-24,14985,74d7b70d8efe111cd2c47a4b0ba7c316e7aa77b53aab52b7d9747a070ac41696,efb2d05a64b88253694f4be91922d2c46992f61d,DCarchimonde/ProteinMPNN,28dff152d83623dfb322480413b7dc889f8537a4
Me_111AAAsresult_proc0013_0004,train,Me_,Rosetta-2023,nmethyl_data/raw_pdb/Me_111AAAsresult_proc0013_0004.pdb,THEORETICAL MODEL,1,2023.35+release.23439d3,03-APR-24,12393,15e2000de8a3bf388f90241801d40c5d0d6f73795420e8045cac925c8f2dd613,9dbf6174b0638cec6ea1c9be5324f25cc864b4c6,DCarchimonde/ProteinMPNN,28dff152d83623dfb322480413b7dc889f8537a4
Me_1120AAAsresult_proc0008_0044,test,Me_,Rosetta-2023,nmethyl_data/raw_pdb/Me_1120AAAsresult_proc0008_0044.pdb,THEORETICAL MODEL,1,2023.35+release.23439d3,02-OCT-24,15714,c857a9251d81011405f45d258477bc6a287f8f38d0e27d00098c9d714b5982c6,32011489ee66722dabe531fedb3c55c7f9b7db30,DCarchimonde/ProteinMPNN,28dff152d83623dfb322480413b7dc889f8537a4
Me_1121AAAsresult_proc0008_0049,train,Me_,Rosetta-2023,nmethyl_data/raw_pdb/Me_1121AAAsresult_proc0008_0049.pdb,THEORETICAL MODEL,1,2023.35+release.23439d3,02-OCT-24,16038,a084d32287fb1c1a1a6e282ae5b46ba6fa31110c294ffb917c34e493d55e12a5,e38c47e655a1fecf229f1b243e7ade7dea9e2746,DCarchimonde/ProteinMPNN,28dff152d83623dfb322480413b7dc889f8537a4
Me_1123AAAsresult_proc0014_0037,test,Me_,Rosetta-2023,nmethyl_data/raw_pdb/Me_1123AAAsresult_proc0014_0037.pdb,THEORETICAL MODEL,1,2023.35+release.23439d3,02-OCT-24,14418,2ea5d5e38253934d0ce0a6c8a4bf2ae1759757798a2fedba6526fe2b603962f1,0ee8ab1071c1293ce3943dce91108b79833df160,DCarchimonde/ProteinMPNN,28dff152d83623dfb322480413b7dc889f8537a4
Me_1124AAAsresult_proc0005_0034,train,Me_,Rosetta-2023,nmethyl_data/raw_pdb/Me_1124AAAsresult_proc0005_0034.pdb,THEORETICAL MODEL,1,2023.35+release.23439d3,02-OCT-24,19278,8571ed7783925c4d92b63f54f5e145e1473e13755d41de0b042097119fa8d741,cdf66d7a37f29c274fe8d431dbcb94e42dc8c829,DCarchimonde/ProteinMPNN,28dff152d83623dfb322480413b7dc889f8537a4
Me_1125AAAsresult_proc0014_0012,train,Me_,Rosetta-2023,nmethyl_data/raw_pdb/Me_1125AAAsresult_proc0014_0012.pdb,THEORETICAL MODEL,1,2023.35+release.23439d3,02-OCT-24,14819,0a137e4237887b6a039c40650687db7ddf43bf962a69e46fb2fc1e6ff71d5b53,67d1cca259d26d3b1591fd4b700f74672496823a,DCarchimonde/ProteinMPNN,28dff152d83623dfb322480413b7dc889f8537a4
Me_1126AAAsresult_proc0005_0010,train,Me_,Rosetta-2023,nmethyl_data/raw_pdb/Me_1126AAAsresult_proc0005_0010.pdb,THEORETICAL MODEL,1,2023.35+release.23439d3,03-OCT-24,22680,ee236ea0c863a4fb73307878a02edf4d286c8b0a67eb5b37f72b15a9f50b3009,1060334d8a26f0a127687739526f0c23898a6761,DCarchimonde/ProteinMPNN,28dff152d83623dfb322480413b7dc889f8537a4
Me_1128AAAsresult_proc0006_0030,train,Me_,Rosetta-2023,nmethyl_data/raw_pdb/Me_1128AAAsresult_proc0006_0030.pdb,THEORETICAL MODEL,1,2023.35+release.23439d3,03-OCT-24,14256,d2d80b858b0640fac025b4803acf2820c1411ccb1508eef0113872a494e8759e,b5dc877c35e552af088dc83298c84a1177862ca9,DCarchimonde/ProteinMPNN,28dff152d83623dfb322480413b7dc889f8537a4
Me_1129AAAsresult_proc0016_0018,train,Me_,Rosetta-2023,nmethyl_data/raw_pdb/Me_1129AAAsresult_proc0016_0018.pdb,THEORETICAL MODEL,1,2023.35+release.23439d3,03-OCT-24,11336,caafadc53043807c6952a12ad92d513a05145f7d3fe3b85283953e9a31c9d5f4,4ef8cfa8ac8d3aacf28a06176e47ee2e1e99a69e,DCarchimonde/ProteinMPNN,28dff152d83623dfb322480413b7dc889f8537a4
Me_112AAAsresult_proc0015_0021,test,Me_,Rosetta-2023,nmethyl_data/raw_pdb/Me_112AAAsresult_proc0015_0021.pdb,THEORETICAL MODEL,1,2023.35+release.23439d3,03-APR-24,9639,37b78aae7c0c4fcf4c06c72b317929aec21a6802f6d49ed920b5930247d872b5,4595a6cfe99967f8c33a6608d8084188d09967cb,DCarchimonde/ProteinMPNN,28dff152d83623dfb322480413b7dc889f8537a4
Me_1131AAAsresult_proc0007_0020,train,Me_,Rosetta-2023,nmethyl_data/raw_pdb/Me_1131AAAsresult_proc0007_0020.pdb,THEORETICAL MODEL,1,2023.35+release.23439d3,03-OCT-24,20346,e447baffa00d03f3d5813e2b8828fdd28ba083e0261b50da40a6f9537a99349a,5a80df975872a9cd59d0c8ab2d522aa6257c5a34,DCarchimonde/ProteinMPNN,28dff152d83623dfb322480413b7dc889f8537a4
Me_1132AAAsresult_proc0002_0018,train,Me_,Rosetta-2023,nmethyl_data/raw_pdb/Me_1132AAAsresult_proc0002_0018.pdb,THEORETICAL MODEL,1,2023.35+release.23439d3,03-OCT-24,17172,9210c1361042b693ef1f48be6b04fc8c927f206129daf5c542485d90c0e3c7bf,47f6ef2223860dcfe61e62d3f0cd857b0ab9c43a,DCarchimonde/ProteinMPNN,28dff152d83623dfb322480413b7dc889f8537a4
Me_1133AAAsresult_proc0006_0004,train,Me_,Rosetta-2023,nmethyl_data/raw_pdb/Me_1133AAAsresult_proc0006_0004.pdb,THEORETICAL MODEL,1,2023.35+release.23439d3,03-OCT-24,12570,1503f125be9a051db2129c949c599a69bff3b52252ebfe090e67861a77d8ac23,6a1b28e8d168ef50a853c120ccc2e191b446b062,DCarchimonde/ProteinMPNN,28dff152d83623dfb322480413b7dc889f8537a4
Me_1134AAAsresult_proc0009_0020,test,Me_,Rosetta-2023,nmethyl_data/raw_pdb/Me_1134AAAsresult_proc0009_0020.pdb,THEORETICAL MODEL,1,2023.35+release.23439d3,03-OCT-24,19035,f2db0342a0ee118f9907a7a8c7168a6c5dcb1f3a14a0845c238a5b02f949b297,a9994f4d02c008a584301bc879f021bb502dee7e,DCarchimonde/ProteinMPNN,28dff152d83623dfb322480413b7dc889f8537a4
Me_1135AAAsresult_proc0008_0037,train,Me_,Rosetta-2023,nmethyl_data/raw_pdb/Me_1135AAAsresult_proc0008_0037.pdb,THEORETICAL MODEL,1,2023.35+release.23439d3,03-OCT-24,18873,7272d574cf3326970cda26286027c7324e0f94bc85eb566d3f245a79ea11c2d5,541bad3219d179136ef408aebfa5dda1daf8eee9,DCarchimonde/ProteinMPNN,28dff152d83623dfb322480413b7dc889f8537a4
Me_1136AAAsresult_proc0006_0039,train,Me_,Rosetta-2023,nmethyl_data/raw_pdb/Me_1136AAAsresult_proc0006_0039.pdb,THEORETICAL MODEL,1,2023.35+release.23439d3,03-OCT-24,16767,16751db230d576550a011517f1712693721ad5feae70536ffca751b8d93978a2,c3a7723442387afafacad7bf5d82ce31c9f2d739,DCarchimonde/ProteinMPNN,28dff152d83623dfb322480413b7dc889f8537a4
Me_1137AAAsresult_proc0015_0029,train,Me_,Rosetta-2023,nmethyl_data/raw_pdb/Me_1137AAAsresult_proc0015_0029.pdb,THEORETICAL MODEL,1,2023.35+release.23439d3,03-OCT-24,13041,67e195befcc204e5dfc4fa5c52bc17a88fc1e4afbc7695a1619380394f129711,cfc93b782f3162536e5e80d6010365de5569c08d,DCarchimonde/ProteinMPNN,28dff152d83623dfb322480413b7dc889f8537a4
Me_1138AAAsresult_proc0005_0014,test,Me_,Rosetta-2023,nmethyl_data/raw_pdb/Me_1138AAAsresult_proc0005_0014.pdb,THEORETICAL MODEL,1,2023.35+release.23439d3,03-OCT-24,10368,8aaf157ea8ddec2f97b0fb8119192666c4329d31ea797cc79ed5d734e6405829,fb267a318b639745481547d9b1386f565cd49700,DCarchimonde/ProteinMPNN,28dff152d83623dfb322480413b7dc889f8537a4
Me_1139AAAsresult_proc0002_0026,train,Me_,Rosetta-2023,nmethyl_data/raw_pdb/Me_1139AAAsresult_proc0002_0026.pdb,THEORETICAL MODEL,1,2023.35+release.23439d3,03-OCT-24,14256,b2dcb577d8d0b1a920ff56727f21dedd8a6cb8a63f76aef727b8053b667e9ea8,7442644b37b0eafb616ce2baccd276c0532a79b7,DCarchimonde/ProteinMPNN,28dff152d83623dfb322480413b7dc889f8537a4
Me_113AAAsresult_proc0004_0051,test,Me_,Rosetta-2023,nmethyl_data/raw_pdb/Me_113AAAsresult_proc0004_0051.pdb,THEORETICAL MODEL,1,2023.35+release.23439d3,03-APR-24,11583,42313d6293b806f39e1bd9730e2c96ebbaaae08bb3313ed5fa9db817fa064dfa,620f070513e17c693fbd8d13f54f5933d49bcc5c,DCarchimonde/ProteinMPNN,28dff152d83623dfb322480413b7dc889f8537a4
Me_1141AAAsresult_proc0017_0008,train,Me_,Rosetta-2023,nmethyl_data/raw_pdb/Me_1141AAAsresult_proc0017_0008.pdb,THEORETICAL MODEL,1,2023.35+release.23439d3,03-OCT-24,15066,4e6f4285e8efdbfa159e12a497e6ee63d81dff3c274d2797091bc74d3f2925ad,be46ef882578144a93cbb0baa43a41ef5447cfc6,DCarchimonde/ProteinMPNN,28dff152d83623dfb322480413b7dc889f8537a4
Me_1142AAAsresult_proc0010_0015,train,Me_,Rosetta-2023,nmethyl_data/raw_pdb/Me_1142AAAsresult_proc0010_0015.pdb,THEORETICAL MODEL,1,2023.35+release.23439d3,03-OCT-24,15309,e3122c482bd58370f3b425496dcf2006f73e3e6864d26ab95cab33d38afc3209,825058e318003b7169d0a9c85a6a9b262cb9469f,DCarchimonde/ProteinMPNN,28dff152d83623dfb322480413b7dc889f8537a4
Me_1143AAAsresult_proc0007_0021,train,Me_,Rosetta-2023,nmethyl_data/raw_pdb/Me_1143AAAsresult_proc0007_0021.pdb,THEORETICAL MODEL,1,2023.35+release.23439d3,03-OCT-24,11583,876cc04225d8d695f3b345dbb6ed2a3335462b84105e3d4dd23bd8488a77705c,64fb872a2dfccf48867edb0b15ea698e793a5dcc,DCarchimonde/ProteinMPNN,28dff152d83623dfb322480413b7dc889f8537a4
Me_1145AAAsresult_proc0014_0012,test,Me_,Rosetta-2023,nmethyl_data/raw_pdb/Me_1145AAAsresult_proc0014_0012.pdb,THEORETICAL MODEL,1,2023.35+release.23439d3,03-OCT-24,16524,ca092efd27b5f35ae82eb3ce632fb71e761399e6a8b38832c0a0526e2873abb0,d29da8b652b19395604ba9aedc26a89459eff7de,DCarchimonde/ProteinMPNN,28dff152d83623dfb322480413b7dc889f8537a4
Me_1147AAAsresult_proc0011_0015,train,Me_,Rosetta-2023,nmethyl_data/raw_pdb/Me_1147AAAsresult_proc0011_0015.pdb,THEORETICAL MODEL,1,2023.35+release.23439d3,03-OCT-24,18387,1d4cb2061860b96048b9c26cee82aa2147cb846756d2426e85f988ed8a7b602f,370577752de54578acb50111b2d45644819e743a,DCarchimonde/ProteinMPNN,28dff152d83623dfb322480413b7dc889f8537a4
Me_1149AAAsresult_proc0010_0003,train,Me_,Rosetta-2023,nmethyl_data/raw_pdb/Me_1149AAAsresult_proc0010_0003.pdb,THEORETICAL MODEL,1,2023.35+release.23439d3,03-OCT-24,16281,78d435d84a262bf9ac929f96159cdae35bb40f51451704ab8833a083e9302b05,4cf1cff2a282db6d884293f2f357a593ebbbcae2,DCarchimonde/ProteinMPNN,28dff152d83623dfb322480413b7dc889f8537a4
Me_1150AAAsresult_proc0001_0003,train,Me_,Rosetta-2023,nmethyl_data/raw_pdb/Me_1150AAAsresult_proc0001_0003.pdb,THEORETICAL MODEL,1,2023.35+release.23439d3,03-OCT-24,14256,ff95e84f739b04935933cadf5db48419ae94d0dba67ae113c0feebb85f3c6178,f5582ef8e5d64fc824dc9cf517b4ef66dc13111f,DCarchimonde/ProteinMPNN,28dff152d83623dfb322480413b7dc889f8537a4
Me_1151AAAsresult_proc0001_0015,test,Me_,Rosetta-2023,nmethyl_data/raw_pdb/Me_1151AAAsresult_proc0001_0015.pdb,THEORETICAL MODEL,1,2023.35+release.23439d3,03-OCT-24,18792,697259d06dae2da31306bf671a667352eba9cc8240842341c4a9afca9f3feeb5,8592d75d0c684c807bc224e0976d7ccded4b0411,DCarchimonde/ProteinMPNN,28dff152d83623dfb322480413b7dc889f8537a4
Me_1152AAAsresult_proc0004_0006,train,Me_,Rosetta-2023,nmethyl_data/raw_pdb/Me_1152AAAsresult_proc0004_0006.pdb,THEORETICAL MODEL,1,2023.35+release.23439d3,03-OCT-24,14271,a326fc03f01e7f485b06d5d4167f7bbb52eaffc0e07d5d159a39c601ae66fefa,62353077479610522a60c1252d2ddec3aa960feb,DCarchimonde/ProteinMPNN,28dff152d83623dfb322480413b7dc889f8537a4
Me_1153AAAsresult_proc0008_0003,train,Me_,Rosetta-2023,nmethyl_data/raw_pdb/Me_1153AAAsresult_proc0008_0003.pdb,THEORETICAL MODEL,1,2023.35+release.23439d3,03-OCT-24,17623,1ca2d7d3bf4c6efde80b99c54f1d24a14c6d0809e317da9345f8d6960d82c798,04ca221f5ead1ce8c8b5f596d95e9f85c743e656,DCarchimonde/ProteinMPNN,28dff152d83623dfb322480413b7dc889f8537a4
Me_1154AAAsresult_proc0016_0003,train,Me_,Rosetta-2023,nmethyl_data/raw_pdb/Me_1154AAAsresult_proc0016_0003.pdb,THEORETICAL MODEL,1,2023.35+release.23439d3,03-OCT-24,16767,9c6df54c9fbd9b4d0a780b00dfddfb2731dfb4ede53016d4968418ba41a3a9de,fedd64b38edc155e053c783e96c71bb3dfade4fa,DCarchimonde/ProteinMPNN,28dff152d83623dfb322480413b7dc889f8537a4
Me_1155AAAsresult_proc0007_0018,train,Me_,Rosetta-2023,nmethyl_data/raw_pdb/Me_1155AAAsresult_proc0007_0018.pdb,THEORETICAL MODEL,1,2023.35+release.23439d3,03-OCT-24,17577,5e7eee6611d4606152deda41a3244f9e30fe4dc040065e5325cdc4fd6577e2bb,a662a54319ed8c60ee43400b42da8eaf6c0e2cce,DCarchimonde/ProteinMPNN,28dff152d83623dfb322480413b7dc889f8537a4
Me_1156AAAsresult_proc0005_0014,train,Me_,Rosetta-2023,nmethyl_data/raw_pdb/Me_1156AAAsresult_proc0005_0014.pdb,THEORETICAL MODEL,1,2023.35+release.23439d3,03-OCT-24,15552,bd82e48fabc1b82d2692f023507530a7599f4a857bdb26bfa4746ba52e65757d,ed30bde8be3a46c1f92b7f5d54f5e1ac74d769a2,DCarchimonde/ProteinMPNN,28dff152d83623dfb322480413b7dc889f8537a4
Me_1158AAAsresult_proc0012_0011,train,Me_,Rosetta-2023,nmethyl_data/raw_pdb/Me_1158AAAsresult_proc0012_0011.pdb,THEORETICAL MODEL,1,2023.35+release.23439d3,03-OCT-24,19440,c04aa3eb0aef0a879699920576426fc3d666e9f51d2c0bf01f223429569c9746,f138858f6f20e6e4ec492e1485f4319a1da6b41e,DCarchimonde/ProteinMPNN,28dff152d83623dfb322480413b7dc889f8537a4
Me_1159AAAsresult_proc0001_0004,train,Me_,Rosetta-2023,nmethyl_data/raw_pdb/Me_1159AAAsresult_proc0001_0004.pdb,THEORETICAL MODEL,1,2023.35+release.23439d3,03-OCT-24,14985,5d857f6bcd9239f09837de9ac0bba0e536f6176573857b59a90f0e69547aed10,ad7c4d78b13e8a01fae2df6490135db2589345ea,DCarchimonde/ProteinMPNN,28dff152d83623dfb322480413b7dc889f8537a4
Me_115AAAsresult_proc0015_0028,train,Me_,Rosetta-2023,nmethyl_data/raw_pdb/Me_115AAAsresult_proc0015_0028.pdb,THEORETICAL MODEL,1,2023.35+release.23439d3,03-APR-24,14337,7283f7c5ec20bb16ec21beeb3a4b029616f722bdd069bce30bba6569e508e62f,5cfff3751245a6a23d73d095f8a97cfd0ea8999c,DCarchimonde/ProteinMPNN,28dff152d83623dfb322480413b7dc889f8537a4
Me_1160AAAsresult_proc0007_0018,train,Me_,Rosetta-2023,nmethyl_data/raw_pdb/Me_1160AAAsresult_proc0007_0018.pdb,THEORETICAL MODEL,1,2023.35+release.23439d3,03-OCT-24,16767,400ef85b07e46ff91ed96e9f61dc877c9b7ddb7d0404f9acdab5a513de0335ef,2bcb50a9ba4d3ea2ef84fc106a2d41da664b576e,DCarchimonde/ProteinMPNN,28dff152d83623dfb322480413b7dc889f8537a4
Me_1161AAAsresult_proc0013_0009,train,Me_,Rosetta-2023,nmethyl_data/raw_pdb/Me_1161AAAsresult_proc0013_0009.pdb,THEORETICAL MODEL,1,2023.35+release.23439d3,03-OCT-24,14742,6ec2f48993c13a7b9db4f8233bd3e98dcfce1a790f82b9c717d682a39c3b375a,b37f77dfcb7296e4c12d8e524a26ce89b9a4d2e9,DCarchimonde/ProteinMPNN,28dff152d83623dfb322480413b7dc889f8537a4
Me_1162AAAsresult_proc0014_0006,train,Me_,Rosetta-2023,nmethyl_data/raw_pdb/Me_1162AAAsresult_proc0014_0006.pdb,THEORETICAL MODEL,1,2023.35+release.23439d3,04-OCT-24,21951,4357c41c25c6177bdcb150691d80866ef90971d67398398473458163f6e4163f,b7d97d176d207db206947ded3add08ff9f4e6fbc,DCarchimonde/ProteinMPNN,28dff152d83623dfb322480413b7dc889f8537a4
Me_1163AAAsresult_proc0008_0006,train,Me_,Rosetta-2023,nmethyl_data/raw_pdb/Me_1163AAAsresult_proc0008_0006.pdb,THEORETICAL MODEL,1,2023.35+release.23439d3,04-OCT-24,18387,ac0bdcf5d5dcdeca511bf85907c77b8aebd61ea5c7b451af07be553e889089b3,80482059121e26f946c1ce0b4275cd1a5a091d81,DCarchimonde/ProteinMPNN,28dff152d83623dfb322480413b7dc889f8537a4
Me_1164AAAsresult_proc0013_0031,train,Me_,Rosetta-2023,nmethyl_data/raw_pdb/Me_1164AAAsresult_proc0013_0031.pdb,THEORETICAL MODEL,1,2023.35+release.23439d3,04-OCT-24,15633,0840004c77cfb15f5a8a50cab91915c9c53340d142904ddf81be0ff3a6b4d72d,5c243dcbdfc6b0e721b699fbadb7202dd8a4b2d4,DCarchimonde/ProteinMPNN,28dff152d83623dfb322480413b7dc889f8537a4
Me_1165AAAsresult_proc0001_0030,train,Me_,Rosetta-2023,nmethyl_data/raw_pdb/Me_1165AAAsresult_proc0001_0030.pdb,THEORETICAL MODEL,1,2023.35+release.23439d3,04-OCT-24,22032,aa49a1495cbe744ec8e5beb2cefd43aaba61a8b489ad4e1b09f4df1ca1a14fd6,2b53160035aee2654a34cef137e69d7fef6816d5,DCarchimonde/ProteinMPNN,28dff152d83623dfb322480413b7dc889f8537a4
Me_1166AAAsresult_proc0013_0025,train,Me_,Rosetta-2023,nmethyl_data/raw_pdb/Me_1166AAAsresult_proc0013_0025.pdb,THEORETICAL MODEL,1,2023.35+release.23439d3,04-OCT-24,16620,7b9b2806848190805bdd5c449a4039b88e3da20b3eda19ae71ae43071eb79ea9,cbf92f86e76e44883c3c44d6bbb57229f8196f76,DCarchimonde/ProteinMPNN,28dff152d83623dfb322480413b7dc889f8537a4
Me_1168AAAsresult_proc0017_0013,train,Me_,Rosetta-2023,nmethyl_data/raw_pdb/Me_1168AAAsresult_proc0017_0013.pdb,THEORETICAL MODEL,1,2023.35+release.23439d3,04-OCT-24,16605,ae41a87aaa93f1d9baf94700755ae7b58ddefef64331182e620b59beb2bbc30f,45dfcb699cacc2683208f5d848c71f13076b846b,DCarchimonde/ProteinMPNN,28dff152d83623dfb322480413b7dc889f8537a4
Me_1169AAAsresult_proc0011_0007,train,Me_,Rosetta-2023,nmethyl_data/raw_pdb/Me_1169AAAsresult_proc0011_0007.pdb,THEORETICAL MODEL,1,2023.35+release.23439d3,04-OCT-24,18838,fdfb3fbf8422d3dcaff55505bfb7183f00bf9e87726c39ed2da18fa2b4053a7d,58f1220750755ca267b4a884173281ffee7a58f2,DCarchimonde/ProteinMPNN,28dff152d83623dfb322480413b7dc889f8537a4
Me_116AAAsresult_proc0013_0018,train,Me_,Rosetta-2023,nmethyl_data/raw_pdb/Me_116AAAsresult_proc0013_0018.pdb,THEORETICAL MODEL,1,2023.35+release.23439d3,03-APR-24,11826,9a063c94ba7bc097df2c56ace9267dd9c7d5468efd0970fbacece09580fb5ff2,4650aade748e5310d548ba947996eac372ae6bc9,DCarchimonde/ProteinMPNN,28dff152d83623dfb322480413b7dc889f8537a4
Me_1170AAAsresult_proc0002_0029,train,Me_,Rosetta-2023,nmethyl_data/raw_pdb/Me_1170AAAsresult_proc0002_0029.pdb,THEORETICAL MODEL,1,2023.35+release.23439d3,04-OCT-24,12636,8e5a33a5f0e5e0d4e803064d7c59422da02369d06f32cd0447aed395b80f496e,689c827b235c40639799fe9032fd6ab6ae6daed9,DCarchimonde/ProteinMPNN,28dff152d83623dfb322480413b7dc889f8537a4
Me_1171AAAsresult_proc0015_0020,train,Me_,Rosetta-2023,nmethyl_data/raw_pdb/Me_1171AAAsresult_proc0015_0020.pdb,THEORETICAL MODEL,1,2023.35+release.23439d3,04-OCT-24,19197,cd40c2ccdf35a7f8c2f77ca8c53387f48d39f4fa8ee6f07c469649cda10227cb,2551b8c46b6e64447e6040e3fcdce7c66a671984,DCarchimonde/ProteinMPNN,28dff152d83623dfb322480413b7dc889f8537a4
Me_1172AAAsresult_proc0015_0029,train,Me_,Rosetta-2023,nmethyl_data/raw_pdb/Me_1172AAAsresult_proc0015_0029.pdb,THEORETICAL MODEL,1,2023.35+release.23439d3,04-OCT-24,16119,4db1f2458145992ce81f5a90ef865a345ad72556b8cc07836b94b8e7bfbf59e7,e18e269704d3e5973c53feb57c6776caf3545b25,DCarchimonde/ProteinMPNN,28dff152d83623dfb322480413b7dc889f8537a4
Me_1173AAAsresult_proc0009_0036,train,Me_,Rosetta-2023,nmethyl_data/raw_pdb/Me_1173AAAsresult_proc0009_0036.pdb,THEORETICAL MODEL,1,2023.35+release.23439d3,04-OCT-24,14175,0ea98e520db90176a44577e93b183408cd081fa76e6c87e902f0ec2f550cad08,a85b73414f523db9dd460a5b879ba01296ea53b2,DCarchimonde/ProteinMPNN,28dff152d83623dfb322480413b7dc889f8537a4
Me_1174AAAsresult_proc0003_0010,train,Me_,Rosetta-2023,nmethyl_data/raw_pdb/Me_1174AAAsresult_proc0003_0010.pdb,THEORETICAL MODEL,1,2023.35+release.23439d3,04-OCT-24,19278,d37d51aace0ef9722f26e15bba5bf7179da8cb6f7c45f165c881e1c6eaa6ade6,eccd5f30fa6caa47479285bf8603810b7ca1e184,DCarchimonde/ProteinMPNN,28dff152d83623dfb322480413b7dc889f8537a4
Me_1175AAAsresult_proc0001_0005,train,Me_,Rosetta-2023,nmethyl_data/raw_pdb/Me_1175AAAsresult_proc0001_0005.pdb,THEORETICAL MODEL,1,2023.35+release.23439d3,04-OCT-24,14904,cc79874227e2b6555dc0c56db710ac4fae7558df2c8302a9daf360a90e6339bb,172ec0f7370a6d55232212c256b7c72885aaf635,DCarchimonde/ProteinMPNN,28dff152d83623dfb322480413b7dc889f8537a4
Me_1176AAAsresult_proc0006_0035,train,Me_,Rosetta-2023,nmethyl_data/raw_pdb/Me_1176AAAsresult_proc0006_0035.pdb,THEORETICAL MODEL,1,2023.35+release.23439d3,04-OCT-24,17820,842220bb4221b17995ac8e5f51a20e729658fa42a193b208e908989a2964cd8c,8c73a03833771a1ea410a283f71bfbdc1d55e084,DCarchimonde/ProteinMPNN,28dff152d83623dfb322480413b7dc889f8537a4
Me_1177AAAsresult_proc0007_0034,train,Me_,Rosetta-2023,nmethyl_data/raw_pdb/Me_1177AAAsresult_proc0007_0034.pdb,THEORETICAL MODEL,1,2023.35+release.23439d3,04-OCT-24,18549,4eba6d045faef5e3adafc368afac462433d94a00c6fa931907e849f0f74631ef,d557022e9de767573544a1556652eaa3f1922807,DCarchimonde/ProteinMPNN,28dff152d83623dfb322480413b7dc889f8537a4
Me_1178AAAsresult_proc0008_0013,train,Me_,Rosetta-2023,nmethyl_data/raw_pdb/Me_1178AAAsresult_proc0008_0013.pdb,THEORETICAL MODEL,1,2023.35+release.23439d3,04-OCT-24,14904,666d95b0f47240e79b681ca0245edb3559b7ce2881c5babc7679a414c83777f1,80008752397ad368c15be23c55beda5ac4e2e6fd,DCarchimonde/ProteinMPNN,28dff152d83623dfb322480413b7dc889f8537a4
Me_1179AAAsresult_proc0015_0019,train,Me_,Rosetta-2023,nmethyl_data/raw_pdb/Me_1179AAAsresult_proc0015_0019.pdb,THEORETICAL MODEL,1,2023.35+release.23439d3,04-OCT-24,21789,bff4d6bd98489da31de8bae3768ff8f7ae854d0bf97cff66097853b581169761,da58a14904b6885386ebfda4e1d8b5ba57ed19c6,DCarchimonde/ProteinMPNN,28dff152d83623dfb322480413b7dc889f8537a4
Me_117AAAsresult_proc0003_0015,train,Me_,Rosetta-2023,nmethyl_data/raw_pdb/Me_117AAAsresult_proc0003_0015.pdb,THEORETICAL MODEL,1,2023.35+release.23439d3,03-APR-24,10611,a508f974e8ccd5b68d3fe9c4cd2e0225a9fa9de9634532bf95626c236b6e24bd,84146e30b5281d8591e81c6a750c8f188d71bd3b,DCarchimonde/ProteinMPNN,28dff152d83623dfb322480413b7dc889f8537a4
Me_1180AAAsresult_proc0002_0002,train,Me_,Rosetta-2023,nmethyl_data/raw_pdb/Me_1180AAAsresult_proc0002_0002.pdb,THEORETICAL MODEL,1,2023.35+release.23439d3,04-OCT-24,14742,530ac731dbb4c805a9ce6acd4d33e2c69038e5ed9cac3ae949dd6775afedff7b,73485539127b24f60f8555237aebfa31c06bba41,DCarchimonde/ProteinMPNN,28dff152d83623dfb322480413b7dc889f8537a4
Me_1181AAAsresult_proc0014_0032,train,Me_,Rosetta-2023,nmethyl_data/raw_pdb/Me_1181AAAsresult_proc0014_0032.pdb,THEORETICAL MODEL,1,2023.35+release.23439d3,04-OCT-24,13978,034aadcf5eca3193b6aa1e3ebcd9694d7ae069db3330d27e468b5336738bc46b,9cb19aa8f4477fb4aaea9d89407b37ff28243d1e,DCarchimonde/ProteinMPNN,28dff152d83623dfb322480413b7dc889f8537a4
Me_1182AAAsresult_proc0017_0039,test,Me_,Rosetta-2023,nmethyl_data/raw_pdb/Me_1182AAAsresult_proc0017_0039.pdb,THEORETICAL MODEL,1,2023.35+release.23439d3,04-OCT-24,20412,06ccfd5bf2ff09f92877db283406842e3710ff8c73a3ec0af4f55f04ab3200fb,9413777c77d1013ddd40ad1b039be97e1e8ac536,DCarchimonde/ProteinMPNN,28dff152d83623dfb322480413b7dc889f8537a4
Me_1183AAAsresult_proc0016_0021,train,Me_,Rosetta-2023,nmethyl_data/raw_pdb/Me_1183AAAsresult_proc0016_0021.pdb,THEORETICAL MODEL,1,2023.35+release.23439d3,04-OCT-24,18387,7aee9727b65f33bf87612360ea24786f530d56324ffd5838dc63510d61fea425,4c7149b47555ddb033f735b0d8278b8125c5990b,DCarchimonde/ProteinMPNN,28dff152d83623dfb322480413b7dc889f8537a4
Me_1184AAAsresult_proc0002_0029,train,Me_,Rosetta-2023,nmethyl_data/raw_pdb/Me_1184AAAsresult_proc0002_0029.pdb,THEORETICAL MODEL,1,2023.35+release.23439d3,04-OCT-24,16686,8f9fa372698c22d3a986e7a7033768303a28e7744dc382684718d60aa51e5540,b8afc57abc357182b76381ef00f72c77b6f77aba,DCarchimonde/ProteinMPNN,28dff152d83623dfb322480413b7dc889f8537a4
Me_1185AAAsresult_proc0002_0012,test,Me_,Rosetta-2023,nmethyl_data/raw_pdb/Me_1185AAAsresult_proc0002_0012.pdb,THEORETICAL MODEL,1,2023.35+release.23439d3,04-OCT-24,16200,cd369ab2bc9049245bd50f35a6705973c605f4a6f79579471c88ff67db475c0a,925c2c39d8c0c3f93e0a7e823960cb155ceac8dd,DCarchimonde/ProteinMPNN,28dff152d83623dfb322480413b7dc889f8537a4
Me_1186AAAsresult_proc0007_0018,train,Me_,Rosetta-2023,nmethyl_data/raw_pdb/Me_1186AAAsresult_proc0007_0018.pdb,THEORETICAL MODEL,1,2023.35+release.23439d3,04-OCT-24,20169,a1da83eacda361163484eefbe2f559f7fdea7e862734437ec2c9b6591eb6da9e,2514923de21329c65db3612d22fc30f8b194d682,DCarchimonde/ProteinMPNN,28dff152d83623dfb322480413b7dc889f8537a4
Me_1187AAAsresult_proc0014_0012,train,Me_,Rosetta-2023,nmethyl_data/raw_pdb/Me_1187AAAsresult_proc0014_0012.pdb,THEORETICAL MODEL,1,2023.35+release.23439d3,04-OCT-24,17330,748ee69f7d1ecb9e18576266adfea6935448c3fc087af8476b3fd527e6064fec,26966e0edc4b71e62717f8c450ad7e78ccfd0cf6,DCarchimonde/ProteinMPNN,28dff152d83623dfb322480413b7dc889f8537a4
Me_1188AAAsresult_proc0014_0016,train,Me_,Rosetta-2023,nmethyl_data/raw_pdb/Me_1188AAAsresult_proc0014_0016.pdb,THEORETICAL MODEL,1,2023.35+release.23439d3,04-OCT-24,17496,90c40e1526580f108c2f9f8f06655faf300c18e0e7a23da1de7ca8a6860ef849,f09020c4e4e3754904cf6725aebe56ebf00b9d76,DCarchimonde/ProteinMPNN,28dff152d83623dfb322480413b7dc889f8537a4
Me_1189AAAsresult_proc0002_0005,test,Me_,Rosetta-2023,nmethyl_data/raw_pdb/Me_1189AAAsresult_proc0002_0005.pdb,THEORETICAL MODEL,1,2023.35+release.23439d3,04-OCT-24,14742,bcb4f23f07d3f441c81c3be145581584bb97ed8380fb4198f45aa0d7b838807e,bcb9334997c75f87995c252eba9e8b17747b6d4c,DCarchimonde/ProteinMPNN,28dff152d83623dfb322480413b7dc889f8537a4
Me_118AAAsresult_proc0004_0039,train,Me_,Rosetta-2023,nmethyl_data/raw_pdb/Me_118AAAsresult_proc0004_0039.pdb,THEORETICAL MODEL,1,2023.35+release.23439d3,03-APR-24,12393,6cf16fdb793188df5315e67a2f37120e410f3b223f43b4b0e62d28d071c28b3e,c87877a1159b101309c941b0f036786b6fbffaaa,DCarchimonde/ProteinMPNN,28dff152d83623dfb322480413b7dc889f8537a4
Me_1190AAAsresult_proc0012_0007,train,Me_,Rosetta-2023,nmethyl_data/raw_pdb/Me_1190AAAsresult_proc0012_0007.pdb,THEORETICAL MODEL,1,2023.35+release.23439d3,04-OCT-24,15309,ed3281dd8a4b9e97924abcdc8b5236cb0c6c22589d5fc45722cfe1716c3b87be,3735189af99eff732dc5eaa539ca2532aff551bf,DCarchimonde/ProteinMPNN,28dff152d83623dfb322480413b7dc889f8537a4
Me_1191AAAsresult_proc0003_0015,train,Me_,Rosetta-2023,nmethyl_data/raw_pdb/Me_1191AAAsresult_proc0003_0015.pdb,THEORETICAL MODEL,1,2023.35+release.23439d3,04-OCT-24,17091,3f8a691756a76f546e6dd8c40d1b33669fd6a21db21b3ff18ff57c4747dba052,034cdcadd18ec6db7a08cb89954d5f1df4aa22af,DCarchimonde/ProteinMPNN,28dff152d83623dfb322480413b7dc889f8537a4
Me_1194AAAsresult_proc0001_0023,test,Me_,Rosetta-2023,nmethyl_data/raw_pdb/Me_1194AAAsresult_proc0001_0023.pdb,THEORETICAL MODEL,1,2023.35+release.23439d3,05-OCT-24,18549,cd107a18e0c621edfafb3be7c05a984258cf08e2a975dcb01acf76682265a706,b1744b6935cd0ed884bb142587bdbfa1e0559c54,DCarchimonde/ProteinMPNN,28dff152d83623dfb322480413b7dc889f8537a4
Me_1195AAAsresult_proc0006_0011,train,Me_,Rosetta-2023,nmethyl_data/raw_pdb/Me_1195AAAsresult_proc0006_0011.pdb,THEORETICAL MODEL,1,2023.35+release.23439d3,05-OCT-24,14094,967ac37eb8fe14d4cff59ba745e93f565667a425f1fe24661ff3e0fe1036204e,122c46917ed46e39b59afb209bd1e79432782aee,DCarchimonde/ProteinMPNN,28dff152d83623dfb322480413b7dc889f8537a4
Me_1196AAAsresult_proc0002_0015,train,Me_,Rosetta-2023,nmethyl_data/raw_pdb/Me_1196AAAsresult_proc0002_0015.pdb,THEORETICAL MODEL,1,2023.35+release.23439d3,05-OCT-24,17496,b776e265c769534bd3804535c60e5833a6dedf08e9dce5f40acee4aca5f12851,f22b100ddabf5012c3dd3bfb9b84080b29cdec7e,DCarchimonde/ProteinMPNN,28dff152d83623dfb322480413b7dc889f8537a4
Me_1197AAAsresult_proc0009_0015,train,Me_,Rosetta-2023,nmethyl_data/raw_pdb/Me_1197AAAsresult_proc0009_0015.pdb,THEORETICAL MODEL,1,2023.35+release.23439d3,05-OCT-24,17253,84a66db4ee275dc6548e7bfea3bcc42b65535a0109d710c265916518952c37db,454dbfb5629ebb08c4eb71a31846a60bf0af38b3,DCarchimonde/ProteinMPNN,28dff152d83623dfb322480413b7dc889f8537a4
Me_1198AAAsresult_proc0003_0022,train,Me_,Rosetta-2023,nmethyl_data/raw_pdb/Me_1198AAAsresult_proc0003_0022.pdb,THEORETICAL MODEL,1,2023.35+release.23439d3,05-OCT-24,17172,f1c29e082febb35c0e910038154756ba3f468d18ad705035034a45914fe3821f,86c8914133386fb2b0b19eb003df5b4128ab53da,DCarchimonde/ProteinMPNN,28dff152d83623dfb322480413b7dc889f8537a4
Me_1199AAAsresult_proc0014_0014,train,Me_,Rosetta-2023,nmethyl_data/raw_pdb/Me_1199AAAsresult_proc0014_0014.pdb,THEORETICAL MODEL,1,2023.35+release.23439d3,05-OCT-24,18792,24e250f20f312e8c586196ce0da0d2e01f29a591e06da45e06ca6ddec158a742,59d2ef53f9995bf4a11a1474643a6223225eed75,DCarchimonde/ProteinMPNN,28dff152d83623dfb322480413b7dc889f8537a4
Me_119AAAsresult_proc0008_0030,train,Me_,Rosetta-2023,nmethyl_data/raw_pdb/Me_119AAAsresult_proc0008_0030.pdb,THEORETICAL MODEL,1,2023.35+release.23439d3,03-APR-24,12555,1bdc45d52374a76170964fd07f2d5b42a4d247dbc3b6adf2db2820144c0a1880,1e484e31c07cef6f5440a7a6aad553cf45c4c7fd,DCarchimonde/ProteinMPNN,28dff152d83623dfb322480413b7dc889f8537a4
Me_11AAAsresult_proc0004_0145,train,Me_,Rosetta-2023,nmethyl_data/raw_pdb/Me_11AAAsresult_proc0004_0145.pdb,THEORETICAL MODEL,1,2023.35+release.23439d3,27-MAR-24,22356,e17b68c53fab0fb5c162e8060abf36a17059298a7fd2334a80d33bfa25ed08d6,998b36377f4a9121726532f16534f97d885772b1,DCarchimonde/ProteinMPNN,28dff152d83623dfb322480413b7dc889f8537a4
Me_1200AAAsresult_proc0005_0030,train,Me_,Rosetta-2023,nmethyl_data/raw_pdb/Me_1200AAAsresult_proc0005_0030.pdb,THEORETICAL MODEL,1,2023.35+release.23439d3,05-OCT-24,16767,ddf263bd5149ac525aa5675de59a746a0f7e7bf2b63712cabd64492890f035a9,4a014cab5969ab11b56eef2a1deb57e1e9253b4b,DCarchimonde/ProteinMPNN,28dff152d83623dfb322480413b7dc889f8537a4
Me_1201AAAsresult_proc0003_0009,train,Me_,Rosetta-2023,nmethyl_data/raw_pdb/Me_1201AAAsresult_proc0003_0009.pdb,THEORETICAL MODEL,1,2023.35+release.23439d3,05-OCT-24,13851,85058f89ba9c3cddff33395e44e71779c713982d84e81ce83e3e8d5f89444b96,157ad94fd3c212c2bd374dc642f1da5104132eae,DCarchimonde/ProteinMPNN,28dff152d83623dfb322480413b7dc889f8537a4
Me_1202AAAsresult_proc0008_0038,train,Me_,Rosetta-2023,nmethyl_data/raw_pdb/Me_1202AAAsresult_proc0008_0038.pdb,THEORETICAL MODEL,1,2023.35+release.23439d3,05-OCT-24,14661,e59b470291c02c4af89aab4e38f4b8fb01363c3da4078c70e1956cc0cf59e36e,dc2fb02c2abf3c17706eb699220f570fb1ac8725,DCarchimonde/ProteinMPNN,28dff152d83623dfb322480413b7dc889f8537a4
Me_1203AAAsresult_proc0009_0001,train,Me_,Rosetta-2023,nmethyl_data/raw_pdb/Me_1203AAAsresult_proc0009_0001.pdb,THEORETICAL MODEL,1,2023.35+release.23439d3,05-OCT-24,16200,3876215b1b8bfc01336afe786d21c23eaa62ee7035608537c931e239cd9cd83c,1dcb42e949196d4dd50033b91aae718b64381dd8,DCarchimonde/ProteinMPNN,28dff152d83623dfb322480413b7dc889f8537a4
Me_1204AAAsresult_proc0014_0045,test,Me_,Rosetta-2023,nmethyl_data/raw_pdb/Me_1204AAAsresult_proc0014_0045.pdb,THEORETICAL MODEL,1,2023.35+release.23439d3,05-OCT-24,17820,2aa764ac42fc81e40d9f572a4f9d9cd68ccd0348507bb73986334cf140b3c983,281b1376d89e82eac32fbbbb83f8b94bc365cae7,DCarchimonde/ProteinMPNN,28dff152d83623dfb322480413b7dc889f8537a4
Me_1205AAAsresult_proc0002_0023,test,Me_,Rosetta-2023,nmethyl_data/raw_pdb/Me_1205AAAsresult_proc0002_0023.pdb,THEORETICAL MODEL,1,2023.35+release.23439d3,05-OCT-24,14337,a909b6201feb3611e32ced8177d1f964c2ba01588ea88b85eb0228e6893ffa6f,20c83830e26c87c287a85277cafb866a91a0e591,DCarchimonde/ProteinMPNN,28dff152d83623dfb322480413b7dc889f8537a4
Me_1206AAAsresult_proc0011_0009,train,Me_,Rosetta-2023,nmethyl_data/raw_pdb/Me_1206AAAsresult_proc0011_0009.pdb,THEORETICAL MODEL,1,2023.35+release.23439d3,05-OCT-24,15066,fd42e6ebcdfcca9341541d329de3aa54e6b0819a44175db9cc58989e59834681,84c6148958579fe432f0498b17c4e531b06a71d3,DCarchimonde/ProteinMPNN,28dff152d83623dfb322480413b7dc889f8537a4
Me_1207AAAsresult_proc0003_0015,test,Me_,Rosetta-2023,nmethyl_data/raw_pdb/Me_1207AAAsresult_proc0003_0015.pdb,THEORETICAL MODEL,1,2023.35+release.23439d3,05-OCT-24,15714,befa4bf907072c1bb50ac8072dc64abbb4a662a7087c2ab7b70fd47e91f1029b,cdeb045c89aa930f01f0e3872b7d2b19476746d3,DCarchimonde/ProteinMPNN,28dff152d83623dfb322480413b7dc889f8537a4
Me_1208AAAsresult_proc0004_0038,train,Me_,Rosetta-2023,nmethyl_data/raw_pdb/Me_1208AAAsresult_proc0004_0038.pdb,THEORETICAL MODEL,1,2023.35+release.23439d3,05-OCT-24,17982,b8d55d3c20ef9f704df77a842a0909731232a802c5bcf260629a6c9213e94e0e,eb8d7a34ac419ec2c89f6351c8cbacd538c8ac28,DCarchimonde/ProteinMPNN,28dff152d83623dfb322480413b7dc889f8537a4
Me_1209AAAsresult_proc0009_0021,test,Me_,Rosetta-2023,nmethyl_data/raw_pdb/Me_1209AAAsresult_proc0009_0021.pdb,THEORETICAL MODEL,1,2023.35+release.23439d3,05-OCT-24,15228,a36f46af213b0684fc7cb99b1705ede5a6fe7c660a30fb22f89945fde9bbe790,e8d56d6f31338758e94d6f1766ef6da03563956b,DCarchimonde/ProteinMPNN,28dff152d83623dfb322480413b7dc889f8537a4
Me_120AAAsresult_proc0017_0028,train,Me_,Rosetta-2023,nmethyl_data/raw_pdb/Me_120AAAsresult_proc0017_0028.pdb,THEORETICAL MODEL,1,2023.35+release.23439d3,03-APR-24,13689,d4b8e5248ccb40ae87917439ab7b65822e946954360c8d64c597d9965fb999e9,374cd365fdc8cca8a87f0bbf0d92eb06b17bb2d3,DCarchimonde/ProteinMPNN,28dff152d83623dfb322480413b7dc889f8537a4
Me_1210AAAsresult_proc0005_0021,train,Me_,Rosetta-2023,nmethyl_data/raw_pdb/Me_1210AAAsresult_proc0005_0021.pdb,THEORETICAL MODEL,1,2023.35+release.23439d3,05-OCT-24,12879,20f77c6a2a5b777f4a1133fa2fc9f416c8a4f412438f54fccf67c605da01892b,0111fc1b2c73682c4eecc558aa594b8497408092,DCarchimonde/ProteinMPNN,28dff152d83623dfb322480413b7dc889f8537a4
Me_1211AAAsresult_proc0007_0026,train,Me_,Rosetta-2023,nmethyl_data/raw_pdb/Me_1211AAAsresult_proc0007_0026.pdb,THEORETICAL MODEL,1,2023.35+release.23439d3,05-OCT-24,18306,e5e42a2f72bbf368613d4e68f5b8c59cafdf9739011ee9d0527a0afee0aa44ce,036f4891e0882816ecd1e78f5c3c0f0b56273766,DCarchimonde/ProteinMPNN,28dff152d83623dfb322480413b7dc889f8537a4
Me_1212AAAsresult_proc0003_0027,train,Me_,Rosetta-2023,nmethyl_data/raw_pdb/Me_1212AAAsresult_proc0003_0027.pdb,THEORETICAL MODEL,1,2023.35+release.23439d3,05-OCT-24,18873,36762ef3c9fac5e8839cd14b645042ba886a8983be23cdc1583985c121bebe32,2135f005e3e3f04c5f65ede3efca680f4d5ab038,DCarchimonde/ProteinMPNN,28dff152d83623dfb322480413b7dc889f8537a4
Me_1213AAAsresult_proc0008_0019,test,Me_,Rosetta-2023,nmethyl_data/raw_pdb/Me_1213AAAsresult_proc0008_0019.pdb,THEORETICAL MODEL,1,2023.35+release.23439d3,05-OCT-24,18063,a787d028f18a064e65dfe7056364d2006bc99a9cc8da47ef0ba0425575cbbf7e,68d4acee7e34a2a7992c2c1973acc1fcfffde5aa,DCarchimonde/ProteinMPNN,28dff152d83623dfb322480413b7dc889f8537a4
Me_1214AAAsresult_proc0011_0010,train,Me_,Rosetta-2023,nmethyl_data/raw_pdb/Me_1214AAAsresult_proc0011_0010.pdb,THEORETICAL MODEL,1,2023.35+release.23439d3,05-OCT-24,15390,adde502b8919fba7e5757df37f33dc96e78a19707a120f5859fa2175efdca882,ef01e59ed0e2af326b0868a397ef990972e3fc5e,DCarchimonde/ProteinMPNN,28dff152d83623dfb322480413b7dc889f8537a4
Me_1215AAAsresult_proc0011_0034,train,Me_,Rosetta-2023,nmethyl_data/raw_pdb/Me_1215AAAsresult_proc0011_0034.pdb,THEORETICAL MODEL,1,2023.35+release.23439d3,05-OCT-24,15066,26898e83762393f25ca98bdc2016321aa1ccb87fd8192dae00ae4bfb51e082b0,6bd77b2eeb86ecd646d16779ef4559218d5a5b81,DCarchimonde/ProteinMPNN,28dff152d83623dfb322480413b7dc889f8537a4
Me_1216AAAsresult_proc0009_0024,train,Me_,Rosetta-2023,nmethyl_data/raw_pdb/Me_1216AAAsresult_proc0009_0024.pdb,THEORETICAL MODEL,1,2023.35+release.23439d3,05-OCT-24,16605,d463ad455aec52565548c3623fe6253f65ea2ca6a6e63d8a5f0b701831ce40c2,f0b8ef651dc8d2c835b2c8e648d85149587c36cc,DCarchimonde/ProteinMPNN,28dff152d83623dfb322480413b7dc889f8537a4
Me_1217AAAsresult_proc0005_0005,train,Me_,Rosetta-2023,nmethyl_data/raw_pdb/Me_1217AAAsresult_proc0005_0005.pdb,THEORETICAL MODEL,1,2023.35+release.23439d3,05-OCT-24,14337,7fc2d0cee31b806a576e7e083ef1c30d0b99d200f9f7f8c5a1bc40a66f6b698f,43af2b500115764069800e5a5f98d91876aa2c3d,DCarchimonde/ProteinMPNN,28dff152d83623dfb322480413b7dc889f8537a4
Me_1218AAAsresult_proc0006_0005,test,Me_,Rosetta-2023,nmethyl_data/raw_pdb/Me_1218AAAsresult_proc0006_0005.pdb,THEORETICAL MODEL,1,2023.35+release.23439d3,05-OCT-24,18954,69aaaa19e2c00e82fbf85a67aa5713b60544d6b28796eeac80a799e0128c4ee3,6f2d617858cc201c26c3eb684d3869981c5c7a2b,DCarchimonde/ProteinMPNN,28dff152d83623dfb322480413b7dc889f8537a4
Me_1219AAAsresult_proc0010_0005,train,Me_,Rosetta-2023,nmethyl_data/raw_pdb/Me_1219AAAsresult_proc0010_0005.pdb,THEORETICAL MODEL,1,2023.35+release.23439d3,05-OCT-24,15066,4cbec2ebbbebaade0f7b873b5580c8b47a10b0e2f3ae9f884fb6ae66ead3c863,bd25133dd5206c2370e09132d5ca42db41374f4a,DCarchimonde/ProteinMPNN,28dff152d83623dfb322480413b7dc889f8537a4
Me_121AAAsresult_proc0009_0056,test,Me_,Rosetta-2023,nmethyl_data/raw_pdb/Me_121AAAsresult_proc0009_0056.pdb,THEORETICAL MODEL,1,2023.35+release.23439d3,03-APR-24,10935,616449a4454f5e33d171f84390433e53f3ca7cd66732751344dd72f15afc4ab2,b3939fc2fc1dcfa7ed1199ad3fdd74aff438477e,DCarchimonde/ProteinMPNN,28dff152d83623dfb322480413b7dc889f8537a4
Me_1221AAAsresult_proc0009_0003,train,Me_,Rosetta-2023,nmethyl_data/raw_pdb/Me_1221AAAsresult_proc0009_0003.pdb,THEORETICAL MODEL,1,2023.35+release.23439d3,05-OCT-24,15471,6bc46dcb2885285cc09be6e46af9fd4ee1274372d0949a97b41c62ef7fd059c4,19d2d83255e5cd2dc57869ce4638b17ad81b9576,DCarchimonde/ProteinMPNN,28dff152d83623dfb322480413b7dc889f8537a4
Me_1222AAAsresult_proc0013_0053,test,Me_,Rosetta-2023,nmethyl_data/raw_pdb/Me_1222AAAsresult_proc0013_0053.pdb,THEORETICAL MODEL,1,2023.35+release.23439d3,05-OCT-24,15957,bbd98dfbb0729bebce4a10b39fe62f6c8c985e6264db5c35fce41491ad0ae32a,5ff20fdbb40b6ca00f0d2b093ad9b3f1dedf29ec,DCarchimonde/ProteinMPNN,28dff152d83623dfb322480413b7dc889f8537a4
Me_1223AAAsresult_proc0004_0037,train,Me_,Rosetta-2023,nmethyl_data/raw_pdb/Me_1223AAAsresult_proc0004_0037.pdb,THEORETICAL MODEL,1,2023.35+release.23439d3,05-OCT-24,16443,9d03a7d260d200493add3838e3801cbcc1c0c66b626e0c817ab673dd53e168d5,016b477bdff1be49d4abe72ec3d7c59f3655875a,DCarchimonde/ProteinMPNN,28dff152d83623dfb322480413b7dc889f8537a4
Me_1224AAAsresult_proc0010_0006,train,Me_,Rosetta-2023,nmethyl_data/raw_pdb/Me_1224AAAsresult_proc0010_0006.pdb,THEORETICAL MODEL,1,2023.35+release.23439d3,05-OCT-24,15112,2c61a709c0a27acdc851d1d9e9207eb01d31d02541f0ce5f4c0372381d22d149,5bcc67a7762dcf905700da6225e2ad61d1aff54a,DCarchimonde/ProteinMPNN,28dff152d83623dfb322480413b7dc889f8537a4
Me_1225AAAsresult_proc0007_0011,test,Me_,Rosetta-2023,nmethyl_data/raw_pdb/Me_1225AAAsresult_proc0007_0011.pdb,THEORETICAL MODEL,1,2023.35+release.23439d3,05-OCT-24,16929,c6ba739f9a38b2398b36131d172e1dd02b8257215c0cf21848647be0c812b03a,3562dc2cf10ee39492518e7a30ac0e96ae3d497e,DCarchimonde/ProteinMPNN,28dff152d83623dfb322480413b7dc889f8537a4
Me_1226AAAsresult_proc0003_0006,train,Me_,Rosetta-2023,nmethyl_data/raw_pdb/Me_1226AAAsresult_proc0003_0006.pdb,THEORETICAL MODEL,1,2023.35+release.23439d3,05-OCT-24,15309,a0d52f79a43f82be9cdbc0e0829504e37a3785476a0976091c9d4063ca2a6626,85d9187d91e87752f3592fffa1f05a083105aa89,DCarchimonde/ProteinMPNN,28dff152d83623dfb322480413b7dc889f8537a4
Me_1227AAAsresult_proc0001_0014,train,Me_,Rosetta-2023,nmethyl_data/raw_pdb/Me_1227AAAsresult_proc0001_0014.pdb,THEORETICAL MODEL,1,2023.35+release.23439d3,05-OCT-24,18873,493a8c11726c7eaf7613787b71aee7979cca47b700893f8016f502678e56d262,318fdbe694228da00fbde2f0b37515a0049fd7c9,DCarchimonde/ProteinMPNN,28dff152d83623dfb322480413b7dc889f8537a4
Me_1228AAAsresult_proc0016_0015,train,Me_,Rosetta-2023,nmethyl_data/raw_pdb/Me_1228AAAsresult_proc0016_0015.pdb,THEORETICAL MODEL,1,2023.35+release.23439d3,05-OCT-24,17901,2a732a8eb91279ac25145cf6331490dbff84ce2c3deda96fc064787f9a1f87c4,3624708afb9996d51a4e732cbfa88431d6afdd46,DCarchimonde/ProteinMPNN,28dff152d83623dfb322480413b7dc889f8537a4
Me_1229AAAsresult_proc0009_0001,test,Me_,Rosetta-2023,nmethyl_data/raw_pdb/Me_1229AAAsresult_proc0009_0001.pdb,THEORETICAL MODEL,1,2023.35+release.23439d3,05-OCT-24,16605,7b0c84e66eedcbe7914f9b5c6782b2b5fc71f68c749e15d643a09107aa8c607f,5a27d871698c3269fb1ad0f3307987933debc71a,DCarchimonde/ProteinMPNN,28dff152d83623dfb322480413b7dc889f8537a4
Me_122AAAsresult_proc0009_0023,train,Me_,Rosetta-2023,nmethyl_data/raw_pdb/Me_122AAAsresult_proc0009_0023.pdb,THEORETICAL MODEL,1,2023.35+release.23439d3,03-APR-24,13527,9252105b7fd84584742bde05d935cbebf934f0ba1d8fc3e081084a1fe6b4d8e9,a0828ecd78edecbab00cf86f15224f950193d7c5,DCarchimonde/ProteinMPNN,28dff152d83623dfb322480413b7dc889f8537a4
Me_1230AAAsresult_proc0011_0029,train,Me_,Rosetta-2023,nmethyl_data/raw_pdb/Me_1230AAAsresult_proc0011_0029.pdb,THEORETICAL MODEL,1,2023.35+release.23439d3,05-OCT-24,10854,7b916f6275747278abeb2cd856c33c453bb27d31466857cf60c6d65f40265936,0d71d4729890a6c306b89a632dba0e8d20916f2e,DCarchimonde/ProteinMPNN,28dff152d83623dfb322480413b7dc889f8537a4
Me_1231AAAsresult_proc0007_0021,train,Me_,Rosetta-2023,nmethyl_data/raw_pdb/Me_1231AAAsresult_proc0007_0021.pdb,THEORETICAL MODEL,1,2023.35+release.23439d3,05-OCT-24,17415,299f270a09fbec187f7218159316952af6b86ad23b99e8f00c4009895c49da1a,6bdd76e2320dfe4e744e591839414f2f64591230,DCarchimonde/ProteinMPNN,28dff152d83623dfb322480413b7dc889f8537a4
Me_1233AAAsresult_proc0015_0001,train,Me_,Rosetta-2023,nmethyl_data/raw_pdb/Me_1233AAAsresult_proc0015_0001.pdb,THEORETICAL MODEL,1,2023.35+release.23439d3,05-OCT-24,15228,146252cc2b83368e608de8c1a41ee6a58c1eae598b34f1afe152278b6f4aa468,c545062277c6e34f00a26305143e6680086fc0c7,DCarchimonde/ProteinMPNN,28dff152d83623dfb322480413b7dc889f8537a4
Me_1234AAAsresult_proc0011_0040,test,Me_,Rosetta-2023,nmethyl_data/raw_pdb/Me_1234AAAsresult_proc0011_0040.pdb,THEORETICAL MODEL,1,2023.35+release.23439d3,05-OCT-24,12393,30238814bfa67533c49cb678b8088d8b2ada2ac09b60e5c073d182e8ca5a4fe3,c28f1762e37fc88bf323cace72ed39c3a511a1c9,DCarchimonde/ProteinMPNN,28dff152d83623dfb322480413b7dc889f8537a4
Me_1236AAAsresult_proc0006_0008,train,Me_,Rosetta-2023,nmethyl_data/raw_pdb/Me_1236AAAsresult_proc0006_0008.pdb,THEORETICAL MODEL,1,2023.35+release.23439d3,05-OCT-24,18387,85d5eafbce3741e9d71c2db74b94b5dd9b790c054f638630d2865d692b1970b7,a625c95b6fb9cf31ca57da659033f79ba60e4c4f,DCarchimonde/ProteinMPNN,28dff152d83623dfb322480413b7dc889f8537a4
Me_1237AAAsresult_proc0016_0043,train,Me_,Rosetta-2023,nmethyl_data/raw_pdb/Me_1237AAAsresult_proc0016_0043.pdb,THEORETICAL MODEL,1,2023.35+release.23439d3,05-OCT-24,17253,cb5d70502558c51de1e4259c3d5778654d56f8cce827db9558b61ea58bb6e1d3,46b15ee8bad2cdf422407cd3139dd32ecf85ee3f,DCarchimonde/ProteinMPNN,28dff152d83623dfb322480413b7dc889f8537a4
Me_1239AAAsresult_proc0005_0019,train,Me_,Rosetta-2023,nmethyl_data/raw_pdb/Me_1239AAAsresult_proc0005_0019.pdb,THEORETICAL MODEL,1,2023.35+release.23439d3,06-OCT-24,14985,7f5f4a4baefe53785108cf0a29a1bfe18782e1c9aa728446fa3f0077401e8f23,f5904ff7800f519b187f0352f458047f4ece9743,DCarchimonde/ProteinMPNN,28dff152d83623dfb322480413b7dc889f8537a4
Me_123AAAsresult_proc0002_0036,test,Me_,Rosetta-2023,nmethyl_data/raw_pdb/Me_123AAAsresult_proc0002_0036.pdb,THEORETICAL MODEL,1,2023.35+release.23439d3,03-APR-24,14175,94ce93c0eeec972e31e26687004eda33d64e22554ef05b6e0a2320b25c5147af,5c925eae3700ede87ea3fffeb15f58fbee6d49bb,DCarchimonde/ProteinMPNN,28dff152d83623dfb322480413b7dc889f8537a4
Me_1240AAAsresult_proc0017_0028,train,Me_,Rosetta-2023,nmethyl_data/raw_pdb/Me_1240AAAsresult_proc0017_0028.pdb,THEORETICAL MODEL,1,2023.35+release.23439d3,06-OCT-24,18873,792e16420dbc59b57d79be17ade454dcc8e5609c027be2c83f2797c17ceec90b,d920b1e8f5a957605d51e24deb83157f8ba1672b,DCarchimonde/ProteinMPNN,28dff152d83623dfb322480413b7dc889f8537a4
Me_1241AAAsresult_proc0011_0018,train,Me_,Rosetta-2023,nmethyl_data/raw_pdb/Me_1241AAAsresult_proc0011_0018.pdb,THEORETICAL MODEL,1,2023.35+release.23439d3,06-OCT-24,17334,53773ce6d9370f2b9ead63780e21f0bd07ff1500453608c399e59e12363d52e8,1d42710d8ff038b2fcb22f1617f09b421e692ce1,DCarchimonde/ProteinMPNN,28dff152d83623dfb322480413b7dc889f8537a4
Me_1244AAAsresult_proc0015_0004,train,Me_,Rosetta-2023,nmethyl_data/raw_pdb/Me_1244AAAsresult_proc0015_0004.pdb,THEORETICAL MODEL,1,2023.35+release.23439d3,06-OCT-24,12312,5cbf0d004bd78822dca19b465321ceb9766dde9de7e0fd70ef88820ed6600168,c4200bab6edf7fb527b0a0b548e55ce9aedb0e94,DCarchimonde/ProteinMPNN,28dff152d83623dfb322480413b7dc889f8537a4
Me_1245AAAsresult_proc0001_0012,train,Me_,Rosetta-2023,nmethyl_data/raw_pdb/Me_1245AAAsresult_proc0001_0012.pdb,THEORETICAL MODEL,1,2023.35+release.23439d3,06-OCT-24,18711,99395893d3f1137b99d706bc6aacccc1bfe5c184e526dfbf0401a4b22cba9049,9636f9bf8aaf3445a307af94b5fab111f37e25b0,DCarchimonde/ProteinMPNN,28dff152d83623dfb322480413b7dc889f8537a4
Me_1246AAAsresult_proc0004_0008,test,Me_,Rosetta-2023,nmethyl_data/raw_pdb/Me_1246AAAsresult_proc0004_0008.pdb,THEORETICAL MODEL,1,2023.35+release.23439d3,06-OCT-24,14094,f33987dd9eddf6ce067f2fee6b519b42acba9b0725497360eec75fef6c5b6597,8c7d78acb01e0e275a7980b5dadd9dc7798effb4,DCarchimonde/ProteinMPNN,28dff152d83623dfb322480413b7dc889f8537a4
Me_1247AAAsresult_proc0009_0007,test,Me_,Rosetta-2023,nmethyl_data/raw_pdb/Me_1247AAAsresult_proc0009_0007.pdb,THEORETICAL MODEL,1,2023.35+release.23439d3,06-OCT-24,14985,d45d46476c99691f83c71aa1175d43daad62ecaf58062542cbc9d1e6d3064435,c9e425062318d8b4d6f09bb2e1c4a636c403ba16,DCarchimonde/ProteinMPNN,28dff152d83623dfb322480413b7dc889f8537a4
Me_1248AAAsresult_proc0016_0016,train,Me_,Rosetta-2023,nmethyl_data/raw_pdb/Me_1248AAAsresult_proc0016_0016.pdb,THEORETICAL MODEL,1,2023.35+release.23439d3,06-OCT-24,15552,87a82f4df8120561ca09c7a6c39371e6dcd433f7a3ac56212cf42d9c6606d854,acfd1ee4640c7e987b7e33a94dc043d77839a8d6,DCarchimonde/ProteinMPNN,28dff152d83623dfb322480413b7dc889f8537a4
Me_1249AAAsresult_proc0006_0020,train,Me_,Rosetta-2023,nmethyl_data/raw_pdb/Me_1249AAAsresult_proc0006_0020.pdb,THEORETICAL MODEL,1,2023.35+release.23439d3,06-OCT-24,20169,88fc1cc79d20bbd43a7465ce1f54bfd3354fa11c95fb72877cdc7d858b9b161c,d2dd4b6cbcc55d7bf193ce78f92795b15fca668d,DCarchimonde/ProteinMPNN,28dff152d83623dfb322480413b7dc889f8537a4
Me_124AAAsresult_proc0010_0064,train,Me_,Rosetta-2023,nmethyl_data/raw_pdb/Me_124AAAsresult_proc0010_0064.pdb,THEORETICAL MODEL,1,2023.35+release.23439d3,03-APR-24,11988,6eca96417b850713ad83978602b23094e4c0034c57eb27cf2c46faf8c14ab40a,ee941ff0bb8817476f0b76ce7741e2cd4313771a,DCarchimonde/ProteinMPNN,28dff152d83623dfb322480413b7dc889f8537a4
Me_1250AAAsresult_proc0017_0040,train,Me_,Rosetta-2023,nmethyl_data/raw_pdb/Me_1250AAAsresult_proc0017_0040.pdb,THEORETICAL MODEL,1,2023.35+release.23439d3,06-OCT-24,15066,ff8ce9d9362fb544349ae5b5d6e34e50733ff0a74a07acae80b26c1c69184ada,3c396a99290411315aba29b09e8ec79e4c090307,DCarchimonde/ProteinMPNN,28dff152d83623dfb322480413b7dc889f8537a4
Me_1251AAAsresult_proc0016_0001,train,Me_,Rosetta-2023,nmethyl_data/raw_pdb/Me_1251AAAsresult_proc0016_0001.pdb,THEORETICAL MODEL,1,2023.35+release.23439d3,06-OCT-24,14985,a379cb46c54b6072e65d2c182c155cb706b20c4094e6c880cad4ab9108d730cb,698347a5ab9456a667e8393280324746b827be10,DCarchimonde/ProteinMPNN,28dff152d83623dfb322480413b7dc889f8537a4
Me_1253AAAsresult_proc0007_0010,train,Me_,Rosetta-2023,nmethyl_data/raw_pdb/Me_1253AAAsresult_proc0007_0010.pdb,THEORETICAL MODEL,1,2023.35+release.23439d3,06-OCT-24,15714,9eb8ba06549f22b4681273bb35c2080b7383ea64e09e90ff8720a5912cb52933,886df33b7ca1648708301481d23c27bc8502a43b,DCarchimonde/ProteinMPNN,28dff152d83623dfb322480413b7dc889f8537a4
Me_1254AAAsresult_proc0012_0002,train,Me_,Rosetta-2023,nmethyl_data/raw_pdb/Me_1254AAAsresult_proc0012_0002.pdb,THEORETICAL MODEL,1,2023.35+release.23439d3,06-OCT-24,10287,cb89b811334173f0e05133b2469f16f3fff04e7b1ad21d296eaeb1e90a8b3321,88e137331132f960b18ada34f5f9c5fa555a3c60,DCarchimonde/ProteinMPNN,28dff152d83623dfb322480413b7dc889f8537a4
Me_1255AAAsresult_proc0010_0010,train,Me_,Rosetta-2023,nmethyl_data/raw_pdb/Me_1255AAAsresult_proc0010_0010.pdb,THEORETICAL MODEL,1,2023.35+release.23439d3,06-OCT-24,17496,b84be8512c1e76f47929f2352931ba547a3668be289544d15e10f3b65bf7e511,58e746e20d139970ba0035b12e094b9d33afa84f,DCarchimonde/ProteinMPNN,28dff152d83623dfb322480413b7dc889f8537a4
Me_1256AAAsresult_proc0005_0023,train,Me_,Rosetta-2023,nmethyl_data/raw_pdb/Me_1256AAAsresult_proc0005_0023.pdb,THEORETICAL MODEL,1,2023.35+release.23439d3,06-OCT-24,19521,d6417a4ea62e3ee35c6e20ce814094173907782d5b6f736af9eaa4d2224614bb,55bbec56215672836d3e99b9d920fdde0b0f0947,DCarchimonde/ProteinMPNN,28dff152d83623dfb322480413b7dc889f8537a4
Me_1257AAAsresult_proc0006_0020,train,Me_,Rosetta-2023,nmethyl_data/raw_pdb/Me_1257AAAsresult_proc0006_0020.pdb,THEORETICAL MODEL,1,2023.35+release.23439d3,06-OCT-24,20963,ea66607bddd45d8fbaca183fba5c382c61edf177f59b9697111e1fa5ff7286c3,68fa0f17742aca26deb0904d4447d15583c0a56f,DCarchimonde/ProteinMPNN,28dff152d83623dfb322480413b7dc889f8537a4
Me_1258AAAsresult_proc0005_0021,test,Me_,Rosetta-2023,nmethyl_data/raw_pdb/Me_1258AAAsresult_proc0005_0021.pdb,THEORETICAL MODEL,1,2023.35+release.23439d3,06-OCT-24,14985,c2c0f0fef19f22ee2b640cdf19d786f7b265670b98b42345c8fdde9b20fc12f0,f207a6fa6454e1b607e4520963e05e2ae60855c1,DCarchimonde/ProteinMPNN,28dff152d83623dfb322480413b7dc889f8537a4
Me_1259AAAsresult_proc0004_0019,train,Me_,Rosetta-2023,nmethyl_data/raw_pdb/Me_1259AAAsresult_proc0004_0019.pdb,THEORETICAL MODEL,1,2023.35+release.23439d3,06-OCT-24,18549,3d552a2893f987bad7acd07cdb7550055f351677c2bcee348462dc5ab799c93e,02655494826ed153957339cafe550789deaa6bd7,DCarchimonde/ProteinMPNN,28dff152d83623dfb322480413b7dc889f8537a4
Me_125AAAsresult_proc0004_0001,train,Me_,Rosetta-2023,nmethyl_data/raw_pdb/Me_125AAAsresult_proc0004_0001.pdb,THEORETICAL MODEL,1,2023.35+release.23439d3,03-APR-24,11826,9829f7f97fa9733f04c503c6ea10a81e3c29cdca272802118dadedd8368feab9,be67622bb5ed6aa8ab3b4312ae3470ab6820a7dd,DCarchimonde/ProteinMPNN,28dff152d83623dfb322480413b7dc889f8537a4
Me_1260AAAsresult_proc0010_0006,train,Me_,Rosetta-2023,nmethyl_data/raw_pdb/Me_1260AAAsresult_proc0010_0006.pdb,THEORETICAL MODEL,1,2023.35+release.23439d3,06-OCT-24,11826,b585868479a827c4efd0646aed9b7764e1a0edc793c2f7bb23296b49df9a4a18,e2538f4fa5fb98b8df7276250de0f8283fda7773,DCarchimonde/ProteinMPNN,28dff152d83623dfb322480413b7dc889f8537a4
Me_1262AAAsresult_proc0012_0006,train,Me_,Rosetta-2023,nmethyl_data/raw_pdb/Me_1262AAAsresult_proc0012_0006.pdb,THEORETICAL MODEL,1,2023.35+release.23439d3,06-OCT-24,15633,01421171c4db7c713f0b508aeafce9ccaca6da49c56628f7c0c4cafd75abd1b6,1bd023e6ee10ff57e25d6c6fec228c75f8f3be7e,DCarchimonde/ProteinMPNN,28dff152d83623dfb322480413b7dc889f8537a4
Me_1263AAAsresult_proc0003_0005,test,Me_,Rosetta-2023,nmethyl_data/raw_pdb/Me_1263AAAsresult_proc0003_0005.pdb,THEORETICAL MODEL,1,2023.35+release.23439d3,06-OCT-24,18954,7f031ef2887a34c7e58e23f00a4ad6fd4fab3350745a092c4d11c40e5466d670,5400ebf88440b099fdb4f2d0dcb4785355bd53f2,DCarchimonde/ProteinMPNN,28dff152d83623dfb322480413b7dc889f8537a4
Me_1265AAAsresult_proc0012_0045,train,Me_,Rosetta-2023,nmethyl_data/raw_pdb/Me_1265AAAsresult_proc0012_0045.pdb,THEORETICAL MODEL,1,2023.35+release.23439d3,06-OCT-24,17334,6c81b151a801954a84a8e298baf0270a4723a4b43790378d0c301b439cdc64c8,dfbe0cd5211b1bdf15b2237780236e8bc61aef5e,DCarchimonde/ProteinMPNN,28dff152d83623dfb322480413b7dc889f8537a4
Me_1266AAAsresult_proc0006_0012,train,Me_,Rosetta-2023,nmethyl_data/raw_pdb/Me_1266AAAsresult_proc0006_0012.pdb,THEORETICAL MODEL,1,2023.35+release.23439d3,06-OCT-24,14904,e8b2432c6b2719d34856a8c519cc4255d5bfa8f0ec09b46e56c898a7bfe40865,9e251048e7bc84a2da007aeb3c2929a8495ae0c8,DCarchimonde/ProteinMPNN,28dff152d83623dfb322480413b7dc889f8537a4
Me_1267AAAsresult_proc0002_0001,train,Me_,Rosetta-2023,nmethyl_data/raw_pdb/Me_1267AAAsresult_proc0002_0001.pdb,THEORETICAL MODEL,1,2023.35+release.23439d3,06-OCT-24,21708,cf4e11f248e006c6bc68f4a46ce831a9a64b90eeb94f0ca0293916d34ad4ce14,964165499a75897a98dddc8d4fd614d85a1717ca,DCarchimonde/ProteinMPNN,28dff152d83623dfb322480413b7dc889f8537a4
Me_1268AAAsresult_proc0011_0021,train,Me_,Rosetta-2023,nmethyl_data/raw_pdb/Me_1268AAAsresult_proc0011_0021.pdb,THEORETICAL MODEL,1,2023.35+release.23439d3,06-OCT-24,15228,4b2e0cf2fb5ea81723dff5a79e3b5a3343158163066776159b1fc4ca613404ea,873f817ae1b88ebae57edcf24a6e273fc90d584e,DCarchimonde/ProteinMPNN,28dff152d83623dfb322480413b7dc889f8537a4
Me_1269AAAsresult_proc0011_0026,train,Me_,Rosetta-2023,nmethyl_data/raw_pdb/Me_1269AAAsresult_proc0011_0026.pdb,THEORETICAL MODEL,1,2023.35+release.23439d3,06-OCT-24,13847,8ee84d45e1627cf36bbeb3544439386cbe4a76640799b522f684a3456c45a6dd,d56f23e1f88624e5b2fa027f9a34c6cc5e41cfea,DCarchimonde/ProteinMPNN,28dff152d83623dfb322480413b7dc889f8537a4
Me_126AAAsresult_proc0007_0022,train,Me_,Rosetta-2023,nmethyl_data/raw_pdb/Me_126AAAsresult_proc0007_0022.pdb,THEORETICAL MODEL,1,2023.35+release.23439d3,03-APR-24,14904,522311ab128949d2f53f576d929ed8eae8d1dcc25d6808a5edac404afb4d1427,3c3a4c36c01b2c53f7304e1c0720351518119f5d,DCarchimonde/ProteinMPNN,28dff152d83623dfb322480413b7dc889f8537a4
Me_1271AAAsresult_proc0016_0004,test,Me_,Rosetta-2023,nmethyl_data/raw_pdb/Me_1271AAAsresult_proc0016_0004.pdb,THEORETICAL MODEL,1,2023.35+release.23439d3,06-OCT-24,17654,0716f88a7b1faffb84809e82e4565000ca0ee18fb6f6165e17be8e94e29c18dc,c94bba9578e647c9e62ac0816fd55dc79c0b02fc,DCarchimonde/ProteinMPNN,28dff152d83623dfb322480413b7dc889f8537a4
Me_1272AAAsresult_proc0013_0003,train,Me_,Rosetta-2023,nmethyl_data/raw_pdb/Me_1272AAAsresult_proc0013_0003.pdb,THEORETICAL MODEL,1,2023.35+release.23439d3,06-OCT-24,16281,b0647f0cbce0320b5ac31920761894cffa57a72c711b5c85dd9304fc58d20e14,79456d879fcfa3bb26fb8a001306d20b5b9dfb2d,DCarchimonde/ProteinMPNN,28dff152d83623dfb322480413b7dc889f8537a4
Me_1273AAAsresult_proc0006_0010,train,Me_,Rosetta-2023,nmethyl_data/raw_pdb/Me_1273AAAsresult_proc0006_0010.pdb,THEORETICAL MODEL,1,2023.35+release.23439d3,06-OCT-24,19891,1189b00b37afeacf5fdb3f44f0194bb8abd632cf5715d747583fbd480b70fb1b,7c9253a4154687ae5d83ace55964883cf40aa18a,DCarchimonde/ProteinMPNN,28dff152d83623dfb322480413b7dc889f8537a4
Me_1274AAAsresult_proc0016_0012,train,Me_,Rosetta-2023,nmethyl_data/raw_pdb/Me_1274AAAsresult_proc0016_0012.pdb,THEORETICAL MODEL,1,2023.35+release.23439d3,06-OCT-24,13608,ce6f1e223660f30a8cf6402aca87dcc7ee25080f40a0af3c2244f65380cc060c,2024e2f99fc3b35ef8258ad05d17a86855948f58,DCarchimonde/ProteinMPNN,28dff152d83623dfb322480413b7dc889f8537a4
Me_1275AAAsresult_proc0009_0014,train,Me_,Rosetta-2023,nmethyl_data/raw_pdb/Me_1275AAAsresult_proc0009_0014.pdb,THEORETICAL MODEL,1,2023.35+release.23439d3,07-OCT-24,11583,054f50465a25bee743bcb6c7d4f35922cdfcc3d1e950adb156387f30962988b8,ef60dff316c524688747ed3e0a5cd60cdffb12e3,DCarchimonde/ProteinMPNN,28dff152d83623dfb322480413b7dc889f8537a4
Me_1276AAAsresult_proc0005_0012,train,Me_,Rosetta-2023,nmethyl_data/raw_pdb/Me_1276AAAsresult_proc0005_0012.pdb,THEORETICAL MODEL,1,2023.35+release.23439d3,07-OCT-24,16524,bdce8412b4a7ab9f260cd303b0cc65f84a85644a61d37e4e384cb99a659e0c1d,5c567a621bf6e5a0ec6a85eeb5aa7f34a2978042,DCarchimonde/ProteinMPNN,28dff152d83623dfb322480413b7dc889f8537a4
Me_1277AAAsresult_proc0001_0031,train,Me_,Rosetta-2023,nmethyl_data/raw_pdb/Me_1277AAAsresult_proc0001_0031.pdb,THEORETICAL MODEL,1,2023.35+release.23439d3,07-OCT-24,19440,89dd6fc84f644716d13b67d3f893075b3045e71b2d9d217d5aa506965ef28240,7a4246dfc3a055cf4c9a42834d023a94b20389bc,DCarchimonde/ProteinMPNN,28dff152d83623dfb322480413b7dc889f8537a4
Me_1278AAAsresult_proc0009_0013,train,Me_,Rosetta-2023,nmethyl_data/raw_pdb/Me_1278AAAsresult_proc0009_0013.pdb,THEORETICAL MODEL,1,2023.35+release.23439d3,07-OCT-24,16200,add0cad88b15fb77fdd0c1566185c5d95bfe865b5377dab25101e51529179bb5,cd73865220ded4fd52b243ffe5a27fc3a69ad8aa,DCarchimonde/ProteinMPNN,28dff152d83623dfb322480413b7dc889f8537a4
Me_127AAAsresult_proc0005_0006,train,Me_,Rosetta-2023,nmethyl_data/raw_pdb/Me_127AAAsresult_proc0005_0006.pdb,THEORETICAL MODEL,1,2023.35+release.23439d3,03-APR-24,12879,c281b24733614cb61ff6902114159c8971a1c8ee5245ad701c98e2c001ddf524,5a84f1ac863a109097fee3d553a9d931eb78a0e0,DCarchimonde/ProteinMPNN,28dff152d83623dfb322480413b7dc889f8537a4
Me_1280AAAsresult_proc0013_0017,train,Me_,Rosetta-2023,nmethyl_data/raw_pdb/Me_1280AAAsresult_proc0013_0017.pdb,THEORETICAL MODEL,1,2023.35+release.23439d3,07-OCT-24,14580,f01800ed92cc0a8afdb925a8cd99cd23e1dabb7ceba8d927a09f1daf0e2018ba,edda80df562412cfc0e8b7447f222fbeb9bc656a,DCarchimonde/ProteinMPNN,28dff152d83623dfb322480413b7dc889f8537a4
Me_1281AAAsresult_proc0017_0007,test,Me_,Rosetta-2023,nmethyl_data/raw_pdb/Me_1281AAAsresult_proc0017_0007.pdb,THEORETICAL MODEL,1,2023.35+release.23439d3,07-OCT-24,20898,ff1e29b5fcbd32759fb81945fab49cc06d10983adf4d855752d5e2d0e9fbacf9,3883ef3e413fe5a113978be1c153b7edf99f3506,DCarchimonde/ProteinMPNN,28dff152d83623dfb322480413b7dc889f8537a4
Me_1282AAAsresult_proc0010_0014,train,Me_,Rosetta-2023,nmethyl_data/raw_pdb/Me_1282AAAsresult_proc0010_0014.pdb,THEORETICAL MODEL,1,2023.35+release.23439d3,07-OCT-24,14094,aa9f39ea2da769e930a2770f1829f3bb021017decab0705475443cde89f8083b,25f3d5b36b9694d6fbd08715980c4229eec86a43,DCarchimonde/ProteinMPNN,28dff152d83623dfb322480413b7dc889f8537a4
Me_1283AAAsresult_proc0010_0019,test,Me_,Rosetta-2023,nmethyl_data/raw_pdb/Me_1283AAAsresult_proc0010_0019.pdb,THEORETICAL MODEL,1,2023.35+release.23439d3,07-OCT-24,11178,e69e0c4f4517b2ef96ae9f7c858be743b53627498f6ec526774f71a573eb22c2,8fe27c6cf28ff87ec163e1b6f013b066b83b9fb5,DCarchimonde/ProteinMPNN,28dff152d83623dfb322480413b7dc889f8537a4
Me_1284AAAsresult_proc0007_0028,train,Me_,Rosetta-2023,nmethyl_data/raw_pdb/Me_1284AAAsresult_proc0007_0028.pdb,THEORETICAL MODEL,1,2023.35+release.23439d3,07-OCT-24,12794,bd9dbb39faa5bc4ece0718dfe31f051132499946fb6185a85088d459ed16aee8,19ccdedbd93e3b6677b520003ee716fb5c44caf4,DCarchimonde/ProteinMPNN,28dff152d83623dfb322480413b7dc889f8537a4
Me_1285AAAsresult_proc0013_0020,train,Me_,Rosetta-2023,nmethyl_data/raw_pdb/Me_1285AAAsresult_proc0013_0020.pdb,THEORETICAL MODEL,1,2023.35+release.23439d3,07-OCT-24,21060,d87e240525d947a8debff5d72931cdf45dc4744f761f59cbf9d8cba63d5a70a1,139395ea5a9ec8cb05cb354a5357107aca59baa9,DCarchimonde/ProteinMPNN,28dff152d83623dfb322480413b7dc889f8537a4
Me_1286AAAsresult_proc0003_0004,train,Me_,Rosetta-2023,nmethyl_data/raw_pdb/Me_1286AAAsresult_proc0003_0004.pdb,THEORETICAL MODEL,1,2023.35+release.23439d3,07-OCT-24,14576,1d07b10486097ecdba2cbb92232d442a23a89352e8fee341840f82cbb5173a5f,382a845a81975c53f4869c6ad687b6b222283801,DCarchimonde/ProteinMPNN,28dff152d83623dfb322480413b7dc889f8537a4
Me_1287AAAsresult_proc0004_0044,train,Me_,Rosetta-2023,nmethyl_data/raw_pdb/Me_1287AAAsresult_proc0004_0044.pdb,THEORETICAL MODEL,1,2023.35+release.23439d3,07-OCT-24,16686,3eed269723c8781427d4dee5aff39dec7ea63c9ae6a458ff5dcb4aa8cc34d21e,d146ee7acf640f5f131a8b2deabfe3e38ab0b67e,DCarchimonde/ProteinMPNN,28dff152d83623dfb322480413b7dc889f8537a4
Me_1288AAAsresult_proc0015_0013,train,Me_,Rosetta-2023,nmethyl_data/raw_pdb/Me_1288AAAsresult_proc0015_0013.pdb,THEORETICAL MODEL,1,2023.35+release.23439d3,07-OCT-24,20574,13aaf90447d8713fe79602189a840ac61d0d71d9df0fa0643a6f9382e0c69ad4,f597791a8e3ba5ed66468ebf42ac871f50148399,DCarchimonde/ProteinMPNN,28dff152d83623dfb322480413b7dc889f8537a4
Me_1289AAAsresult_proc0011_0010,train,Me_,Rosetta-2023,nmethyl_data/raw_pdb/Me_1289AAAsresult_proc0011_0010.pdb,THEORETICAL MODEL,1,2023.35+release.23439d3,07-OCT-24,13527,ecdb098ce70bc2a573d50b3e57d419c077899ade3a7218eabda05c0403978874,790bdbce764a05b5c7d0081f93d15affa5ebcd34,DCarchimonde/ProteinMPNN,28dff152d83623dfb322480413b7dc889f8537a4
Me_128AAAsresult_proc0012_0047,test,Me_,Rosetta-2023,nmethyl_data/raw_pdb/Me_128AAAsresult_proc0012_0047.pdb,THEORETICAL MODEL,1,2023.35+release.23439d3,03-APR-24,13851,0ed42ad14fdf5d26a5800703c40d44826f71607a6ad2fb2f87b879973900c064,97215320dcc02d655e6f15575c085a9e894b8a53,DCarchimonde/ProteinMPNN,28dff152d83623dfb322480413b7dc889f8537a4
Me_1290AAAsresult_proc0009_0025,train,Me_,Rosetta-2023,nmethyl_data/raw_pdb/Me_1290AAAsresult_proc0009_0025.pdb,THEORETICAL MODEL,1,2023.35+release.23439d3,07-OCT-24,18225,f0e65e8a3adc32acb5c299123d8ea766ea1202cbd033f1a090097f26893696af,9f956f5ed5f4d4e133bba4737795cb1582f91a87,DCarchimonde/ProteinMPNN,28dff152d83623dfb322480413b7dc889f8537a4
Me_1291AAAsresult_proc0004_0013,train,Me_,Rosetta-2023,nmethyl_data/raw_pdb/Me_1291AAAsresult_proc0004_0013.pdb,THEORETICAL MODEL,1,2023.35+release.23439d3,07-OCT-24,18225,f4f856b43621b2e55dd9d2401ea0214b6f9cffe1cf43ee4fc57b3decdac850c1,3bc0e2efac0e8ae993e72eba78038e9578f09935,DCarchimonde/ProteinMPNN,28dff152d83623dfb322480413b7dc889f8537a4
Me_1292AAAsresult_proc0001_0007,train,Me_,Rosetta-2023,nmethyl_data/raw_pdb/Me_1292AAAsresult_proc0001_0007.pdb,THEORETICAL MODEL,1,2023.35+release.23439d3,07-OCT-24,18711,31b6c3582d77ed92e12c99397546c56588a9465fef1c63832f473b1569d15e4d,4b49981583706b151512d723e2e1c9576e97030c,DCarchimonde/ProteinMPNN,28dff152d83623dfb322480413b7dc889f8537a4
Me_1294AAAsresult_proc0001_0016,train,Me_,Rosetta-2023,nmethyl_data/raw_pdb/Me_1294AAAsresult_proc0001_0016.pdb,THEORETICAL MODEL,1,2023.35+release.23439d3,07-OCT-24,15147,d652f9e36bd06c049686168ca0ef336a29d46b5c054d612aea7a745672705e27,df42e4f1bbe72151ca94a191c224493115f77dff,DCarchimonde/ProteinMPNN,28dff152d83623dfb322480413b7dc889f8537a4
Me_1295AAAsresult_proc0015_0007,test,Me_,Rosetta-2023,nmethyl_data/raw_pdb/Me_1295AAAsresult_proc0015_0007.pdb,THEORETICAL MODEL,1,2023.35+release.23439d3,07-OCT-24,19278,f697481ca64d249da8797383bad27afb565e19bb6f1d63c246d9fd2b8b4b4675,bd3b36ddcb015e933723b8f78a7de43d92a9639f,DCarchimonde/ProteinMPNN,28dff152d83623dfb322480413b7dc889f8537a4
Me_1296AAAsresult_proc0005_0014,train,Me_,Rosetta-2023,nmethyl_data/raw_pdb/Me_1296AAAsresult_proc0005_0014.pdb,THEORETICAL MODEL,1,2023.35+release.23439d3,07-OCT-24,17658,df06c97203f70ee0c899540ba25ef7f7971492754c1277f04b324db6b06a44cb,e07a44956fc2cc2a82680e2737948fe5abfffbd2,DCarchimonde/ProteinMPNN,28dff152d83623dfb322480413b7dc889f8537a4
Me_1298AAAsresult_proc0010_0029,train,Me_,Rosetta-2023,nmethyl_data/raw_pdb/Me_1298AAAsresult_proc0010_0029.pdb,THEORETICAL MODEL,1,2023.35+release.23439d3,07-OCT-24,20412,1ecc177ba7a1bb81a79a2b6e165126cb409e0c8cb07f0718ce36c739afa8212f,75e1d9346ac452125953c0fc1d67cc7c64a03eb6,DCarchimonde/ProteinMPNN,28dff152d83623dfb322480413b7dc889f8537a4
Me_1299AAAsresult_proc0006_0010,test,Me_,Rosetta-2023,nmethyl_data/raw_pdb/Me_1299AAAsresult_proc0006_0010.pdb,THEORETICAL MODEL,1,2023.35+release.23439d3,07-OCT-24,15876,f61d45a4704000260ef2aadc6c61fcc24ab3ebdfb2b9f7f453611734442c37ae,5d332667bd14f349177dee560fc8ddb9121406ee,DCarchimonde/ProteinMPNN,28dff152d83623dfb322480413b7dc889f8537a4
Me_129AAAsresult_proc0014_0025,train,Me_,Rosetta-2023,nmethyl_data/raw_pdb/Me_129AAAsresult_proc0014_0025.pdb,THEORETICAL MODEL,1,2023.35+release.23439d3,03-APR-24,14094,d4e0bd75d5ed219411e4b816ad30ab57826a2886234b17b601cb8a6cd30a4cd0,59199506f5c5c520bd4a85e7c2fba44447dd2be3,DCarchimonde/ProteinMPNN,28dff152d83623dfb322480413b7dc889f8537a4
Me_1300AAAsresult_proc0013_0009,train,Me_,Rosetta-2023,nmethyl_data/raw_pdb/Me_1300AAAsresult_proc0013_0009.pdb,THEORETICAL MODEL,1,2023.35+release.23439d3,07-OCT-24,13284,07135b2329db3ef9b5a50863f7583ee2190b79b150e152d5d825e1f51f5ad69b,af9115657dcc75bbe9aae2fef38cc7b86b69ee05,DCarchimonde/ProteinMPNN,28dff152d83623dfb322480413b7dc889f8537a4
Me_1302AAAsresult_proc0003_0004,train,Me_,Rosetta-2023,nmethyl_data/raw_pdb/Me_1302AAAsresult_proc0003_0004.pdb,THEORETICAL MODEL,1,2023.35+release.23439d3,07-OCT-24,16929,91fd353e39eeac5635133fe30aee94a02fb99452ea17ffcb4f6e09f9ae54d006,2c008e860dedc4056d2691a96b9d63a9abb4cee5,DCarchimonde/ProteinMPNN,28dff152d83623dfb322480413b7dc889f8537a4
Me_1303AAAsresult_proc0008_0009,train,Me_,Rosetta-2023,nmethyl_data/raw_pdb/Me_1303AAAsresult_proc0008_0009.pdb,THEORETICAL MODEL,1,2023.35+release.23439d3,07-OCT-24,17820,19e3d3cd43de8b0a144da7e625a08291c50c2e3f23a947d0306eb79324fd9177,c5d95d0f358da98e342ac9c475dc766f816db8f9,DCarchimonde/ProteinMPNN,28dff152d83623dfb322480413b7dc889f8537a4
Me_1304AAAsresult_proc0013_0039,train,Me_,Rosetta-2023,nmethyl_data/raw_pdb/Me_1304AAAsresult_proc0013_0039.pdb,THEORETICAL MODEL,1,2023.35+release.23439d3,07-OCT-24,15147,bb7d6faa8eb770f2429bc3212554be521ef86260dd012b7a39e5b6256ba3a22c,5e28cd88c441fd2364f65f83a38395e7100a3b5f,DCarchimonde/ProteinMPNN,28dff152d83623dfb322480413b7dc889f8537a4
Me_1305AAAsresult_proc0007_0016,train,Me_,Rosetta-2023,nmethyl_data/raw_pdb/Me_1305AAAsresult_proc0007_0016.pdb,THEORETICAL MODEL,1,2023.35+release.23439d3,07-OCT-24,17415,c9038c44badb638feca77819d7c5b24b1ae6b6be062cda70a40643f131d45927,0ea9b27c5f3f432e638f381258e8188229ee19e4,DCarchimonde/ProteinMPNN,28dff152d83623dfb322480413b7dc889f8537a4
Me_1306AAAsresult_proc0010_0029,train,Me_,Rosetta-2023,nmethyl_data/raw_pdb/Me_1306AAAsresult_proc0010_0029.pdb,THEORETICAL MODEL,1,2023.35+release.23439d3,07-OCT-24,20736,3cfb8de8c5d6db827df9627396897042df969f046f9d337060696e849481399e,f5bddbb861440a01bbb99bf13849e58889b6a13f,DCarchimonde/ProteinMPNN,28dff152d83623dfb322480413b7dc889f8537a4
Me_1307AAAsresult_proc0010_0015,train,Me_,Rosetta-2023,nmethyl_data/raw_pdb/Me_1307AAAsresult_proc0010_0015.pdb,THEORETICAL MODEL,1,2023.35+release.23439d3,07-OCT-24,13851,9792e23c66de6ebb129d9c4e2d6615af2fc99d12f2fa3d9498826cb4f910f6d2,1cd30274d9e2741dd94ffa789c39d5957b41a9d6,DCarchimonde/ProteinMPNN,28dff152d83623dfb322480413b7dc889f8537a4
Me_1308AAAsresult_proc0002_0020,train,Me_,Rosetta-2023,nmethyl_data/raw_pdb/Me_1308AAAsresult_proc0002_0020.pdb,THEORETICAL MODEL,1,2023.35+release.23439d3,07-OCT-24,14499,36074e612c5cfe23daa27c61934cea352a842222d3f07c8dd3538cda0828bd71,052da3a12656b3bada460c8693090b22094e6125,DCarchimonde/ProteinMPNN,28dff152d83623dfb322480413b7dc889f8537a4
Me_1309AAAsresult_proc0009_0010,train,Me_,Rosetta-2023,nmethyl_data/raw_pdb/Me_1309AAAsresult_proc0009_0010.pdb,THEORETICAL MODEL,1,2023.35+release.23439d3,07-OCT-24,17010,92207e951dadd9d6e62c22b3e8d77e9c763d17b790a501ee572da6c68cb170c7,9165cd39a658ea14b9746638c12fddd75ede417a,DCarchimonde/ProteinMPNN,28dff152d83623dfb322480413b7dc889f8537a4
Me_130AAAsresult_proc0013_0011,train,Me_,Rosetta-2023,nmethyl_data/raw_pdb/Me_130AAAsresult_proc0013_0011.pdb,THEORETICAL MODEL,1,2023.35+release.23439d3,04-APR-24,11259,4006c0a0c12b788dc4dc89596d0448c6c5c472d777b273298f8c8fedd5138316,d47a459ec88e524755af6f9dd96e2564e47d18a5,DCarchimonde/ProteinMPNN,28dff152d83623dfb322480413b7dc889f8537a4
Me_1310AAAsresult_proc0002_0018,train,Me_,Rosetta-2023,nmethyl_data/raw_pdb/Me_1310AAAsresult_proc0002_0018.pdb,THEORETICAL MODEL,1,2023.35+release.23439d3,07-OCT-24,17091,3a0870e615ee30243bc7f3204b47336f5a678b2122a9236f3af215f46e1e4284,b1fe9589c34784b2c6fca731d80e0ebe991856a2,DCarchimonde/ProteinMPNN,28dff152d83623dfb322480413b7dc889f8537a4
Me_1311AAAsresult_proc0013_0024,test,Me_,Rosetta-2023,nmethyl_data/raw_pdb/Me_1311AAAsresult_proc0013_0024.pdb,THEORETICAL MODEL,1,2023.35+release.23439d3,07-OCT-24,18468,671cd114ae2e1ff0441475e40c9183ca15c151ee1c1bbbcd2634906037eb4207,a20bf2e29a1f8bbf183967a78857c2d03a920351,DCarchimonde/ProteinMPNN,28dff152d83623dfb322480413b7dc889f8537a4
Me_1314AAAsresult_proc0001_0016,train,Me_,Rosetta-2023,nmethyl_data/raw_pdb/Me_1314AAAsresult_proc0001_0016.pdb,THEORETICAL MODEL,1,2023.35+release.23439d3,07-OCT-24,16929,2ada1d219b84c4ec13498e228725c06a9103bdc23b83fdb706ecc76f7a6f90f2,98b04c6c4545ebbd8665243527ab15d88cc20f9c,DCarchimonde/ProteinMPNN,28dff152d83623dfb322480413b7dc889f8537a4
Me_1315AAAsresult_proc0013_0040,train,Me_,Rosetta-2023,nmethyl_data/raw_pdb/Me_1315AAAsresult_proc0013_0040.pdb,THEORETICAL MODEL,1,2023.35+release.23439d3,07-OCT-24,13041,38fba5386941874ec9a04f6685892afb4af6e4a18612f7ba66295954d7801f5b,44b76e6899f3b7aabb3c7afa98322f368955ea06,DCarchimonde/ProteinMPNN,28dff152d83623dfb322480413b7dc889f8537a4
Me_1316AAAsresult_proc0002_0003,train,Me_,Rosetta-2023,nmethyl_data/raw_pdb/Me_1316AAAsresult_proc0002_0003.pdb,THEORETICAL MODEL,1,2023.35+release.23439d3,08-OCT-24,15066,1da6abbb128a6e109ae5f9e11e6331b672edf2194a7d7a1c80d62bfaa3eebac7,76e128a443ab776e9e5b601e7d9f45e2c1d3170f,DCarchimonde/ProteinMPNN,28dff152d83623dfb322480413b7dc889f8537a4
Me_1317AAAsresult_proc0014_0019,train,Me_,Rosetta-2023,nmethyl_data/raw_pdb/Me_1317AAAsresult_proc0014_0019.pdb,THEORETICAL MODEL,1,2023.35+release.23439d3,08-OCT-24,15228,503ff75d8617392b14b85e4f2417e56642905ca256f810b523de395e51447663,144baeb62e55493158b96e2aa7f51cd9acb025f6,DCarchimonde/ProteinMPNN,28dff152d83623dfb322480413b7dc889f8537a4
Me_1318AAAsresult_proc0013_0016,train,Me_,Rosetta-2023,nmethyl_data/raw_pdb/Me_1318AAAsresult_proc0013_0016.pdb,THEORETICAL MODEL,1,2023.35+release.23439d3,08-OCT-24,14333,4aecbe4b2dc66f07e8c1345dd87abbb784215518127e4bc9d0ea58e6b88aaa5a,e7976abb8a83dfccbc580ff0fe5fdf89b6865ce5,DCarchimonde/ProteinMPNN,28dff152d83623dfb322480413b7dc889f8537a4
Me_1319AAAsresult_proc0004_0007,train,Me_,Rosetta-2023,nmethyl_data/raw_pdb/Me_1319AAAsresult_proc0004_0007.pdb,THEORETICAL MODEL,1,2023.35+release.23439d3,08-OCT-24,19035,fa1dcb1bedcc224d59e9ba63164b70cfab2475ed514f3ac33454e1f1b5629274,c7a3d787fd5021452216cab73ecf992e0c028157,DCarchimonde/ProteinMPNN,28dff152d83623dfb322480413b7dc889f8537a4
Me_131AAAsresult_proc0002_0033,train,Me_,Rosetta-2023,nmethyl_data/raw_pdb/Me_131AAAsresult_proc0002_0033.pdb,THEORETICAL MODEL,1,2023.35+release.23439d3,04-APR-24,11016,b5f96bbece922d251aebfe97e91cd624b9d4fed2fba069c174a4f74335667bf7,2e72ad9a28f1ed8975190f80eb09980148a0159b,DCarchimonde/ProteinMPNN,28dff152d83623dfb322480413b7dc889f8537a4
Me_1321AAAsresult_proc0009_0036,train,Me_,Rosetta-2023,nmethyl_data/raw_pdb/Me_1321AAAsresult_proc0009_0036.pdb,THEORETICAL MODEL,1,2023.35+release.23439d3,08-OCT-24,17901,9b8f81a023fa693549324a44d84ace19ff573a5f6b4320321a700c5b09b3eaa8,eea3694a4770865c005bc377a4a7e393a8c7fe50,DCarchimonde/ProteinMPNN,28dff152d83623dfb322480413b7dc889f8537a4
Me_1322AAAsresult_proc0001_0013,train,Me_,Rosetta-2023,nmethyl_data/raw_pdb/Me_1322AAAsresult_proc0001_0013.pdb,THEORETICAL MODEL,1,2023.35+release.23439d3,08-OCT-24,20331,ffb54277d974fcbd984351bae98188698c82839f21e3d69cb31d4a8963415008,14570e6357fe728fed278b1509c7edc7417f31ff,DCarchimonde/ProteinMPNN,28dff152d83623dfb322480413b7dc889f8537a4
Me_1323AAAsresult_proc0004_0048,train,Me_,Rosetta-2023,nmethyl_data/raw_pdb/Me_1323AAAsresult_proc0004_0048.pdb,THEORETICAL MODEL,1,2023.35+release.23439d3,08-OCT-24,15147,537c2a91b89e3c820ecc371dba839f6160fd053a7169c7c89576a0da1655d8b6,9101571a3bf21361fb1b37ba49f25ed6bdbfb80a,DCarchimonde/ProteinMPNN,28dff152d83623dfb322480413b7dc889f8537a4
Me_1324AAAsresult_proc0005_0006,test,Me_,Rosetta-2023,nmethyl_data/raw_pdb/Me_1324AAAsresult_proc0005_0006.pdb,THEORETICAL MODEL,1,2023.35+release.23439d3,08-OCT-24,14661,6a17da151f86744f11e512983edee263e965d98904686d31f618addd9e9d916e,e995b82e37b80b3f25e04a4fde90c2ae1091a711,DCarchimonde/ProteinMPNN,28dff152d83623dfb322480413b7dc889f8537a4
Me_1325AAAsresult_proc0007_0010,test,Me_,Rosetta-2023,nmethyl_data/raw_pdb/Me_1325AAAsresult_proc0007_0010.pdb,THEORETICAL MODEL,1,2023.35+release.23439d3,08-OCT-24,18387,fd7d6e20e220a218c653b9800fbcc0b26b86d9d96e7fff5ec67f151a62eede11,7c16f92ffdfa674442e42b504fdd84a9eb25b4e1,DCarchimonde/ProteinMPNN,28dff152d83623dfb322480413b7dc889f8537a4
Me_1326AAAsresult_proc0006_0022,train,Me_,Rosetta-2023,nmethyl_data/raw_pdb/Me_1326AAAsresult_proc0006_0022.pdb,THEORETICAL MODEL,1,2023.35+release.23439d3,08-OCT-24,17253,d4de38e3da4e026776cd067c85bfcb2994dbe29856d82f36cc8a37e8252d1e51,06667d112d21f4fa8e66c0b1f53af0d5195a069a,DCarchimonde/ProteinMPNN,28dff152d83623dfb322480413b7dc889f8537a4
Me_1327AAAsresult_proc0014_0008,test,Me_,Rosetta-2023,nmethyl_data/raw_pdb/Me_1327AAAsresult_proc0014_0008.pdb,THEORETICAL MODEL,1,2023.35+release.23439d3,08-OCT-24,13365,e2be6fe6ccaef8f0a54fa6f0de80ad857c698f5eb7b1d1be433782f8bcfd3623,2a278930616c40df7d3872423398a5d70117a8be,DCarchimonde/ProteinMPNN,28dff152d83623dfb322480413b7dc889f8537a4
Me_1328AAAsresult_proc0014_0008,train,Me_,Rosetta-2023,nmethyl_data/raw_pdb/Me_1328AAAsresult_proc0014_0008.pdb,THEORETICAL MODEL,1,2023.35+release.23439d3,08-OCT-24,14580,68bbf4db92f6110493248ccf6d06496ac14d2586cd22f318601d02bc25b88462,660b2c95824b1db17a9988ce8a5bbee8ac0296c6,DCarchimonde/ProteinMPNN,28dff152d83623dfb322480413b7dc889f8537a4
Me_132AAAsresult_proc0003_0042,train,Me_,Rosetta-2023,nmethyl_data/raw_pdb/Me_132AAAsresult_proc0003_0042.pdb,THEORETICAL MODEL,1,2023.35+release.23439d3,04-APR-24,15390,cdc6b078928f317a5ed412adae3b2cf46315ed19c91b6d898e43d83377dec825,f3136bec313e216b9acc0aeddb53399e2a062526,DCarchimonde/ProteinMPNN,28dff152d83623dfb322480413b7dc889f8537a4
Me_1330AAAsresult_proc0014_0021,train,Me_,Rosetta-2023,nmethyl_data/raw_pdb/Me_1330AAAsresult_proc0014_0021.pdb,THEORETICAL MODEL,1,2023.35+release.23439d3,08-OCT-24,15228,d0f48d63bdecc9fb88b6585c8f8f6fb64800445f74f5f6cbf8595ab930e636f7,62215dc0d9e0ebf669ac8a320336e91854311681,DCarchimonde/ProteinMPNN,28dff152d83623dfb322480413b7dc889f8537a4
Me_1331AAAsresult_proc0011_0001,test,Me_,Rosetta-2023,nmethyl_data/raw_pdb/Me_1331AAAsresult_proc0011_0001.pdb,THEORETICAL MODEL,1,2023.35+release.23439d3,08-OCT-24,13527,7d5e419cd268b6a0f3fe544b21906d95b03e2b24e02e9c7bbfe7a8898f88cd87,80684bfd0fa5a337ca5ac442c23dd684376b0552,DCarchimonde/ProteinMPNN,28dff152d83623dfb322480413b7dc889f8537a4
Me_1332AAAsresult_proc0016_0008,train,Me_,Rosetta-2023,nmethyl_data/raw_pdb/Me_1332AAAsresult_proc0016_0008.pdb,THEORETICAL MODEL,1,2023.35+release.23439d3,08-OCT-24,17658,99f6566e2f6e239b5c264c87c5c49e736f079bd6de6239c763497ebeb7a8acc8,b8075e0c3ede6fdd987b8da21692cc04edd5d0cf,DCarchimonde/ProteinMPNN,28dff152d83623dfb322480413b7dc889f8537a4
Me_1333AAAsresult_proc0016_0057,train,Me_,Rosetta-2023,nmethyl_data/raw_pdb/Me_1333AAAsresult_proc0016_0057.pdb,THEORETICAL MODEL,1,2023.35+release.23439d3,08-OCT-24,18954,44816df909f8cf94bc346003401b998bb6fa37e4ad68cb141cf57ec9bc9de2ea,e03bb4ccbd1f484247360c36dea97f58498a60c5,DCarchimonde/ProteinMPNN,28dff152d83623dfb322480413b7dc889f8537a4
Me_1334AAAsresult_proc0003_0015,train,Me_,Rosetta-2023,nmethyl_data/raw_pdb/Me_1334AAAsresult_proc0003_0015.pdb,THEORETICAL MODEL,1,2023.35+release.23439d3,08-OCT-24,15309,4608e511df9b2bd513e84f738b07ae65171d90cd333b7b7b933cb4fcfe3155de,0bc2878d08b8edbf7d9ddacc7842bb9809992b67,DCarchimonde/ProteinMPNN,28dff152d83623dfb322480413b7dc889f8537a4
Me_1335AAAsresult_proc0003_0002,train,Me_,Rosetta-2023,nmethyl_data/raw_pdb/Me_1335AAAsresult_proc0003_0002.pdb,THEORETICAL MODEL,1,2023.35+release.23439d3,08-OCT-24,17415,f831b6d00f47b89e48684f9da9c90df333dc3cdec98075135f25c42698958493,e1de4f9a071ebb6e8be239c470fa19c151e960d1,DCarchimonde/ProteinMPNN,28dff152d83623dfb322480413b7dc889f8537a4
Me_1336AAAsresult_proc0007_0017,train,Me_,Rosetta-2023,nmethyl_data/raw_pdb/Me_1336AAAsresult_proc0007_0017.pdb,THEORETICAL MODEL,1,2023.35+release.23439d3,08-OCT-24,16443,474231394dae67c6d19fc130ce2ad0c9575a090c7143041957e712664db8ad86,78ed0e4856f1a43fcc117cee1c815b5503c2a36b,DCarchimonde/ProteinMPNN,28dff152d83623dfb322480413b7dc889f8537a4
Me_1337AAAsresult_proc0007_0010,train,Me_,Rosetta-2023,nmethyl_data/raw_pdb/Me_1337AAAsresult_proc0007_0010.pdb,THEORETICAL MODEL,1,2023.35+release.23439d3,08-OCT-24,15552,537eac001b1e00d465de4f5ba85fa921b831863238f36190e59dd8068f5fea72,cbee1384bc58efa706f37e1a261e13220884585a,DCarchimonde/ProteinMPNN,28dff152d83623dfb322480413b7dc889f8537a4
Me_1338AAAsresult_proc0016_0005,test,Me_,Rosetta-2023,nmethyl_data/raw_pdb/Me_1338AAAsresult_proc0016_0005.pdb,THEORETICAL MODEL,1,2023.35+release.23439d3,08-OCT-24,16119,34ee032283e721597764155a065caa39c84c94493b68c7d1d53d0a79af672f7b,3176efe83936bff126533adcbebe31a008947110,DCarchimonde/ProteinMPNN,28dff152d83623dfb322480413b7dc889f8537a4
Me_133AAAsresult_proc0001_0026,train,Me_,Rosetta-2023,nmethyl_data/raw_pdb/Me_133AAAsresult_proc0001_0026.pdb,THEORETICAL MODEL,1,2023.35+release.23439d3,04-APR-24,14418,03fddf44418b865199de72c43c580e79aab905188b21db63dc9e59355d892287,1710820ced777cb51e27bd9afef812ed37be504f,DCarchimonde/ProteinMPNN,28dff152d83623dfb322480413b7dc889f8537a4
Me_1340AAAsresult_proc0008_0009,train,Me_,Rosetta-2023,nmethyl_data/raw_pdb/Me_1340AAAsresult_proc0008_0009.pdb,THEORETICAL MODEL,1,2023.35+release.23439d3,08-OCT-24,17966,09b4b732c9b46a645a660cc695f9a1207b301f1c195e8d7f7129194b0f5d129a,bd710d409c05fa9242269d32d3466f4268e20435,DCarchimonde/ProteinMPNN,28dff152d83623dfb322480413b7dc889f8537a4
Me_1341AAAsresult_proc0002_0011,train,Me_,Rosetta-2023,nmethyl_data/raw_pdb/Me_1341AAAsresult_proc0002_0011.pdb,THEORETICAL MODEL,1,2023.35+release.23439d3,08-OCT-24,14823,76cbe0991dad0e5c2120afce48104559398f4c39fd8e3a35440bac6d3437924f,f6561f45c865c3d78830a6de4ffc6a4faebf1b08,DCarchimonde/ProteinMPNN,28dff152d83623dfb322480413b7dc889f8537a4
Me_1342AAAsresult_proc0008_0013,train,Me_,Rosetta-2023,nmethyl_data/raw_pdb/Me_1342AAAsresult_proc0008_0013.pdb,THEORETICAL MODEL,1,2023.35+release.23439d3,08-OCT-24,14823,b233b2669d9b7eb0a5cebc428cfac2a4c6ddfb70c2768607c326023f150c7cb3,7694cf37c2808e6e1dfb79bb70d2e6b70ac3df70,DCarchimonde/ProteinMPNN,28dff152d83623dfb322480413b7dc889f8537a4
Me_1343AAAsresult_proc0008_0013,test,Me_,Rosetta-2023,nmethyl_data/raw_pdb/Me_1343AAAsresult_proc0008_0013.pdb,THEORETICAL MODEL,1,2023.35+release.23439d3,08-OCT-24,15876,84d9c52432d0b3c56be409391e15417c6659e669767462d3052674d03089028c,a4c18e2869fafa9f406d3f429d74cc83d041e94d,DCarchimonde/ProteinMPNN,28dff152d83623dfb322480413b7dc889f8537a4
Me_1346AAAsresult_proc0003_0017,train,Me_,Rosetta-2023,nmethyl_data/raw_pdb/Me_1346AAAsresult_proc0003_0017.pdb,THEORETICAL MODEL,1,2023.35+release.23439d3,08-OCT-24,16038,5e09513459f132aaf288eec0bda6395ae266cc95f69cf4f4a2785e092fac6fe2,a0ce246069ebb172307177e401e515c71de4993c,DCarchimonde/ProteinMPNN,28dff152d83623dfb322480413b7dc889f8537a4
Me_1347AAAsresult_proc0015_0022,train,Me_,Rosetta-2023,nmethyl_data/raw_pdb/Me_1347AAAsresult_proc0015_0022.pdb,THEORETICAL MODEL,1,2023.35+release.23439d3,08-OCT-24,16605,008c13e74de4f87418833a7488e8a7bdea73c393a0c66d7971fd74dad8d1d669,110e11fdea265c6551d4b2772f1a0083122aa009,DCarchimonde/ProteinMPNN,28dff152d83623dfb322480413b7dc889f8537a4
Me_1348AAAsresult_proc0016_0004,train,Me_,Rosetta-2023,nmethyl_data/raw_pdb/Me_1348AAAsresult_proc0016_0004.pdb,THEORETICAL MODEL,1,2023.35+release.23439d3,08-OCT-24,14661,3b1bab2050378aca685294f726754c971eeb6c8e6f1543df64b2a6c83293be79,a4c0a5641e3367e10f51a27370f7b8e694692282,DCarchimonde/ProteinMPNN,28dff152d83623dfb322480413b7dc889f8537a4
Me_1349AAAsresult_proc0010_0040,train,Me_,Rosetta-2023,nmethyl_data/raw_pdb/Me_1349AAAsresult_proc0010_0040.pdb,THEORETICAL MODEL,1,2023.35+release.23439d3,08-OCT-24,17577,0431b5a15c2c13c63d1eb3f985068451c93e2627d19ac7a854d358cd689df37a,f8eb8b01aeae94f87ea87f886762fd51fa6196ef,DCarchimonde/ProteinMPNN,28dff152d83623dfb322480413b7dc889f8537a4
Me_134AAAsresult_proc0007_0054,train,Me_,Rosetta-2023,nmethyl_data/raw_pdb/Me_134AAAsresult_proc0007_0054.pdb,THEORETICAL MODEL,1,2023.35+release.23439d3,04-APR-24,13851,8931f6130dc50302608510f354cd2eda56b537914a5b1f5202ec8dd0a5340874,751412909ee6d49263167adff6bb90cf37eba78c,DCarchimonde/ProteinMPNN,28dff152d83623dfb322480413b7dc889f8537a4
Me_1350AAAsresult_proc0016_0002,train,Me_,Rosetta-2023,nmethyl_data/raw_pdb/Me_1350AAAsresult_proc0016_0002.pdb,THEORETICAL MODEL,1,2023.35+release.23439d3,08-OCT-24,19035,d39e806eeb146a7688b921e9e4ba91c5e4ee66051775ee8b98b3d9ec46837221,80b8384806469d6d193831f55563520f5d822ea2,DCarchimonde/ProteinMPNN,28dff152d83623dfb322480413b7dc889f8537a4
Me_1351AAAsresult_proc0010_0015,train,Me_,Rosetta-2023,nmethyl_data/raw_pdb/Me_1351AAAsresult_proc0010_0015.pdb,THEORETICAL MODEL,1,2023.35+release.23439d3,08-OCT-24,16929,da07faddff250c2e23dfce5f844124db6e1d031a326dfbc7f5f2af0dd5bbab67,ff55834f3cc3845d94f14720eeaf8ba4dc09be0f,DCarchimonde/ProteinMPNN,28dff152d83623dfb322480413b7dc889f8537a4
Me_1352AAAsresult_proc0002_0010,train,Me_,Rosetta-2023,nmethyl_data/raw_pdb/Me_1352AAAsresult_proc0002_0010.pdb,THEORETICAL MODEL,1,2023.35+release.23439d3,08-OCT-24,16929,1994ef9a88af320cc89819fb1f9a17d413b47b6f341c9e11c655ed2ad4a49e24,f0c99430cf0f4e44f72cafefab0f313c245727ac,DCarchimonde/ProteinMPNN,28dff152d83623dfb322480413b7dc889f8537a4
Me_1353AAAsresult_proc0003_0004,train,Me_,Rosetta-2023,nmethyl_data/raw_pdb/Me_1353AAAsresult_proc0003_0004.pdb,THEORETICAL MODEL,1,2023.35+release.23439d3,08-OCT-24,14094,8de10b6cea2752ea3a2ee19c44832016b820cdb4200632b85b57be948e8a2bfa,d696813c5bb126f418010296f89874aa43351da2,DCarchimonde/ProteinMPNN,28dff152d83623dfb322480413b7dc889f8537a4
Me_1354AAAsresult_proc0005_0014,train,Me_,Rosetta-2023,nmethyl_data/raw_pdb/Me_1354AAAsresult_proc0005_0014.pdb,THEORETICAL MODEL,1,2023.35+release.23439d3,08-OCT-24,19197,61c6395c3686a650aeec36375c8e9c847e9c0d86bdcbb040c7f5fb003ef661f1,2235be11ecb0b70492441b357d92532fa9dfd6f8,DCarchimonde/ProteinMPNN,28dff152d83623dfb322480413b7dc889f8537a4
Me_1355AAAsresult_proc0016_0050,train,Me_,Rosetta-2023,nmethyl_data/raw_pdb/Me_1355AAAsresult_proc0016_0050.pdb,THEORETICAL MODEL,1,2023.35+release.23439d3,08-OCT-24,15305,eba55cbf6ee1ba71cebff4356336bfc017450a72947c109394673aa0995092ee,74d3d25263bc74daaf6b8af7522332038f24a911,DCarchimonde/ProteinMPNN,28dff152d83623dfb322480413b7dc889f8537a4
Me_1356AAAsresult_proc0002_0036,train,Me_,Rosetta-2023,nmethyl_data/raw_pdb/Me_1356AAAsresult_proc0002_0036.pdb,THEORETICAL MODEL,1,2023.35+release.23439d3,08-OCT-24,17739,5d82a837273a8cac75ab496a37c27efb8a2c188495ab6ec6b2ef686ad6e999c1,be425fe3966987f91176c72eb74f5c934c85e368,DCarchimonde/ProteinMPNN,28dff152d83623dfb322480413b7dc889f8537a4
Me_1357AAAsresult_proc0004_0001,train,Me_,Rosetta-2023,nmethyl_data/raw_pdb/Me_1357AAAsresult_proc0004_0001.pdb,THEORETICAL MODEL,1,2023.35+release.23439d3,08-OCT-24,19845,f7e49d3bdfc72030d5e50a4d7dc1ec1480bb227fc0ee0c0a543b02b46e65ee15,a342d880580ca45c27772ff1c7094c7499a1cd77,DCarchimonde/ProteinMPNN,28dff152d83623dfb322480413b7dc889f8537a4
Me_1358AAAsresult_proc0009_0001,train,Me_,Rosetta-2023,nmethyl_data/raw_pdb/Me_1358AAAsresult_proc0009_0001.pdb,THEORETICAL MODEL,1,2023.35+release.23439d3,08-OCT-24,16605,00266a2f6a303aa1180ffff42a887e788b527b6aa838bee25a6e40db249ea8ba,ae139617920de3a8183b8c15f1500b52de052a37,DCarchimonde/ProteinMPNN,28dff152d83623dfb322480413b7dc889f8537a4
Me_135AAAsresult_proc0009_0014,train,Me_,Rosetta-2023,nmethyl_data/raw_pdb/Me_135AAAsresult_proc0009_0014.pdb,THEORETICAL MODEL,1,2023.35+release.23439d3,04-APR-24,11340,b7c17deb68a7aceecbf64df7061fc70ad677a5a771288d265bbcbb961e41cd98,d80defe43e3fef20828de3872d7df6a6fae2da72,DCarchimonde/ProteinMPNN,28dff152d83623dfb322480413b7dc889f8537a4
Me_1360AAAsresult_proc0011_0001,test,Me_,Rosetta-2023,nmethyl_data/raw_pdb/Me_1360AAAsresult_proc0011_0001.pdb,THEORETICAL MODEL,1,2023.35+release.23439d3,08-OCT-24,16038,a4b55bd4b0f0bf1d3ee8b5fbf9658c8824870410874e08c45f857b9fe68e222f,213d63be7e80da2be3d4c393999548460bcae13c,DCarchimonde/ProteinMPNN,28dff152d83623dfb322480413b7dc889f8537a4
Me_1361AAAsresult_proc0010_0015,train,Me_,Rosetta-2023,nmethyl_data/raw_pdb/Me_1361AAAsresult_proc0010_0015.pdb,THEORETICAL MODEL,1,2023.35+release.23439d3,08-OCT-24,18954,a3f4173d9d90fa4e72adcc865994d7941ad505a4609fa4401ad16e56c44ebb38,90657bda9ef80a6b3cbd86be2de7cf3bfb192bda,DCarchimonde/ProteinMPNN,28dff152d83623dfb322480413b7dc889f8537a4
Me_1362AAAsresult_proc0012_0011,train,Me_,Rosetta-2023,nmethyl_data/raw_pdb/Me_1362AAAsresult_proc0012_0011.pdb,THEORETICAL MODEL,1,2023.35+release.23439d3,08-OCT-24,14499,88cea2bd6ded0028dbf9ccc5e4cb830491143746c15daf5ad01f0efed4fe2b68,637938e30d140793aadf6a87bad24bb556c8ffa8,DCarchimonde/ProteinMPNN,28dff152d83623dfb322480413b7dc889f8537a4
Me_1366AAAsresult_proc0005_0011,train,Me_,Rosetta-2023,nmethyl_data/raw_pdb/Me_1366AAAsresult_proc0005_0011.pdb,THEORETICAL MODEL,1,2023.35+release.23439d3,08-OCT-24,14742,46e4278662c19d183ea19a1328abd06cec7cbeba8da23f75af6eae9c45a9b1bc,f0c1fdb47538dcdb3c3f0cbdfd8b981358c3eeec,DCarchimonde/ProteinMPNN,28dff152d83623dfb322480413b7dc889f8537a4
Me_1367AAAsresult_proc0009_0025,train,Me_,Rosetta-2023,nmethyl_data/raw_pdb/Me_1367AAAsresult_proc0009_0025.pdb,THEORETICAL MODEL,1,2023.35+release.23439d3,08-OCT-24,18225,cf6a88d6c92addab4300b33ebd25292ddd14e95b2faae428e8f87d8944b3927b,640a208f38e005ca7dd7abe66aee3ee1a0a236f0,DCarchimonde/ProteinMPNN,28dff152d83623dfb322480413b7dc889f8537a4
Me_1368AAAsresult_proc0004_0005,train,Me_,Rosetta-2023,nmethyl_data/raw_pdb/Me_1368AAAsresult_proc0004_0005.pdb,THEORETICAL MODEL,1,2023.35+release.23439d3,08-OCT-24,20250,7d329bdf42d46c8a55961b87b23a89156be76e6dcc1f1edb8d76e52eec654b19,1256a84aa0f4df0516235d76529aec37308d9024,DCarchimonde/ProteinMPNN,28dff152d83623dfb322480413b7dc889f8537a4
Me_1369AAAsresult_proc0003_0011,test,Me_,Rosetta-2023,nmethyl_data/raw_pdb/Me_1369AAAsresult_proc0003_0011.pdb,THEORETICAL MODEL,1,2023.35+release.23439d3,08-OCT-24,11259,61a10e4a1b9863de6054f1ca9cfb6dc09697cb343cd75c53d952aa8623a95aae,44922b281502be9f2a0bf0f9467b900c3760fa00,DCarchimonde/ProteinMPNN,28dff152d83623dfb322480413b7dc889f8537a4
Me_136AAAsresult_proc0014_0015,train,Me_,Rosetta-2023,nmethyl_data/raw_pdb/Me_136AAAsresult_proc0014_0015.pdb,THEORETICAL MODEL,1,2023.35+release.23439d3,04-APR-24,10692,b7d06e6e88c7ba565d3c40edbd6c75be6c3bb218998c24bcd212a55c654344cd,8b2fe87968a6365305880ea3a36e108c7b29106e,DCarchimonde/ProteinMPNN,28dff152d83623dfb322480413b7dc889f8537a4
Me_1370AAAsresult_proc0007_0033,test,Me_,Rosetta-2023,nmethyl_data/raw_pdb/Me_1370AAAsresult_proc0007_0033.pdb,THEORETICAL MODEL,1,2023.35+release.23439d3,09-OCT-24,14742,463bb67967371580e0a4e1ec2d60f892844528aaaab88091ae789d98838a0499,0206065d94b7efb2ec2306f4a6663c316fd50f1e,DCarchimonde/ProteinMPNN,28dff152d83623dfb322480413b7dc889f8537a4
Me_1371AAAsresult_proc0016_0019,train,Me_,Rosetta-2023,nmethyl_data/raw_pdb/Me_1371AAAsresult_proc0016_0019.pdb,THEORETICAL MODEL,1,2023.35+release.23439d3,09-OCT-24,13932,40a5524115ccf35bac2af249591338465a6c5bbf3faef93b6a198d0e35383b49,c4b813821daaf7ec5bca10449fad00052be196de,DCarchimonde/ProteinMPNN,28dff152d83623dfb322480413b7dc889f8537a4
Me_1372AAAsresult_proc0012_0043,train,Me_,Rosetta-2023,nmethyl_data/raw_pdb/Me_1372AAAsresult_proc0012_0043.pdb,THEORETICAL MODEL,1,2023.35+release.23439d3,09-OCT-24,15957,84bae7e6b35bad1da7c195aadead1b3bc31fee3a684182f3adfa33c6a6fd244b,67f393e2b5f6905931981c88d5299ff07e963f87,DCarchimonde/ProteinMPNN,28dff152d83623dfb322480413b7dc889f8537a4
Me_1373AAAsresult_proc0016_0024,train,Me_,Rosetta-2023,nmethyl_data/raw_pdb/Me_1373AAAsresult_proc0016_0024.pdb,THEORETICAL MODEL,1,2023.35+release.23439d3,09-OCT-24,19197,11e2e8c89038b4e1dae82d1c67275ad0c111e8a3db25d9364abb2d4ef91ee1d2,3bbb92dd46c2d2c9b73b667f35f2346d490b6c09,DCarchimonde/ProteinMPNN,28dff152d83623dfb322480413b7dc889f8537a4
Me_1374AAAsresult_proc0015_0014,train,Me_,Rosetta-2023,nmethyl_data/raw_pdb/Me_1374AAAsresult_proc0015_0014.pdb,THEORETICAL MODEL,1,2023.35+release.23439d3,09-OCT-24,18630,509793d49ce6b936c703a3ca3ba0049ad3a89c407985f492549e0e55890dd2b7,af472918d558fdeba979ceabbac61ce6651e9011,DCarchimonde/ProteinMPNN,28dff152d83623dfb322480413b7dc889f8537a4
Me_1375AAAsresult_proc0016_0043,train,Me_,Rosetta-2023,nmethyl_data/raw_pdb/Me_1375AAAsresult_proc0016_0043.pdb,THEORETICAL MODEL,1,2023.35+release.23439d3,09-OCT-24,18792,46dcc15e82fb3e9a55112ccb08a0554bde64b4fdbc150d54868068a5cf0b67e0,5480af6dda534031ed1737afc1c1215a41d596ea,DCarchimonde/ProteinMPNN,28dff152d83623dfb322480413b7dc889f8537a4
Me_1376AAAsresult_proc0012_0022,test,Me_,Rosetta-2023,nmethyl_data/raw_pdb/Me_1376AAAsresult_proc0012_0022.pdb,THEORETICAL MODEL,1,2023.35+release.23439d3,09-OCT-24,15147,e33411e7a5bcbadb7e8d78063510575c7f3e7fcbc0317ecc46de66138cbe782c,38999be2ca1cbb6e91fcff9a09905d3bb3970f3b,DCarchimonde/ProteinMPNN,28dff152d83623dfb322480413b7dc889f8537a4
Me_1377AAAsresult_proc0011_0025,train,Me_,Rosetta-2023,nmethyl_data/raw_pdb/Me_1377AAAsresult_proc0011_0025.pdb,THEORETICAL MODEL,1,2023.35+release.23439d3,09-OCT-24,17334,bf0a201a099e962f4b26bcde86fcf4b87a777f45934746d6f866079ed51805b8,f2fe78105fa3ee3a9f49c616da460e8f79eb9df0,DCarchimonde/ProteinMPNN,28dff152d83623dfb322480413b7dc889f8537a4
Me_1378AAAsresult_proc0004_0004,train,Me_,Rosetta-2023,nmethyl_data/raw_pdb/Me_1378AAAsresult_proc0004_0004.pdb,THEORETICAL MODEL,1,2023.35+release.23439d3,09-OCT-24,17496,67b954cb4c6fec41804f4268e1929c042b26b7b57ef689f0ce65d210b635954c,8d216b0e46e5694a6a99aa40497afc80fdf66ad8,DCarchimonde/ProteinMPNN,28dff152d83623dfb322480413b7dc889f8537a4
Me_1379AAAsresult_proc0012_0043,train,Me_,Rosetta-2023,nmethyl_data/raw_pdb/Me_1379AAAsresult_proc0012_0043.pdb,THEORETICAL MODEL,1,2023.35+release.23439d3,09-OCT-24,13365,adb7a2c1bc522818c120b8b0dc04583ee3dd0b005bc01dc9e70a7e3103e07919,54a4e358526bef8a99fe5518b0fccbc8750826de,DCarchimonde/ProteinMPNN,28dff152d83623dfb322480413b7dc889f8537a4
Me_137AAAsresult_proc0005_0058,train,Me_,Rosetta-2023,nmethyl_data/raw_pdb/Me_137AAAsresult_proc0005_0058.pdb,THEORETICAL MODEL,1,2023.35+release.23439d3,04-APR-24,13689,ab0aae08b8925c082058119b99cee4f0b6a351c3ff09b2ee8b15a9f26cae2440,3fb6d46e17798400f10852f2eea590d14b237863,DCarchimonde/ProteinMPNN,28dff152d83623dfb322480413b7dc889f8537a4
Me_1380AAAsresult_proc0017_0003,train,Me_,Rosetta-2023,nmethyl_data/raw_pdb/Me_1380AAAsresult_proc0017_0003.pdb,THEORETICAL MODEL,1,2023.35+release.23439d3,09-OCT-24,16362,044b30b0f616500fe699bc9941567f8857660b994215cb1b5a7e97f54e4d7532,e2a240b2339813052aa09b343621d321e5b4cbf2,DCarchimonde/ProteinMPNN,28dff152d83623dfb322480413b7dc889f8537a4
Me_1381AAAsresult_proc0007_0031,train,Me_,Rosetta-2023,nmethyl_data/raw_pdb/Me_1381AAAsresult_proc0007_0031.pdb,THEORETICAL MODEL,1,2023.35+release.23439d3,09-OCT-24,15309,ba1118e32017e4b2c26e2eb9d7847fdf1d422b2b53aad857b83533874e443463,70ffcc7b6b5061ee242e60dee962cbe174f48f0f,DCarchimonde/ProteinMPNN,28dff152d83623dfb322480413b7dc889f8537a4
Me_1382AAAsresult_proc0001_0014,train,Me_,Rosetta-2023,nmethyl_data/raw_pdb/Me_1382AAAsresult_proc0001_0014.pdb,THEORETICAL MODEL,1,2023.35+release.23439d3,09-OCT-24,16686,1b26fa1d10a53242dad40eb798e0eb49b51da3aac48ead64131c7145bd69f0ab,da48c757a2f7f3c44dfa0b81f0c1593357a86d24,DCarchimonde/ProteinMPNN,28dff152d83623dfb322480413b7dc889f8537a4
Me_1383AAAsresult_proc0001_0034,train,Me_,Rosetta-2023,nmethyl_data/raw_pdb/Me_1383AAAsresult_proc0001_0034.pdb,THEORETICAL MODEL,1,2023.35+release.23439d3,09-OCT-24,17966,37c5338e7bd18523ae7b08a66b24086e6d0c3bd70ea2a960dea49502843197fb,2be13a257b9d3d0cc3cbf0cc02ec90889d4c5a33,DCarchimonde/ProteinMPNN,28dff152d83623dfb322480413b7dc889f8537a4
Me_1384AAAsresult_proc0009_0009,train,Me_,Rosetta-2023,nmethyl_data/raw_pdb/Me_1384AAAsresult_proc0009_0009.pdb,THEORETICAL MODEL,1,2023.35+release.23439d3,09-OCT-24,16848,9c3e7d80d703e1a58b936074ef84f15058b658d2dc8df55ddcade3615c9361d7,836de37436738f74fa8db5a8b66df64c23fa28e6,DCarchimonde/ProteinMPNN,28dff152d83623dfb322480413b7dc889f8537a4
Me_1385AAAsresult_proc0012_0022,train,Me_,Rosetta-2023,nmethyl_data/raw_pdb/Me_1385AAAsresult_proc0012_0022.pdb,THEORETICAL MODEL,1,2023.35+release.23439d3,09-OCT-24,17334,099da8e79fa92a750d15bef5526a487f81cf4f8346bbbb6588f02292fb8c28b2,4113a524f510d4b793de388436984e44134606ad,DCarchimonde/ProteinMPNN,28dff152d83623dfb322480413b7dc889f8537a4
Me_1386AAAsresult_proc0016_0012,train,Me_,Rosetta-2023,nmethyl_data/raw_pdb/Me_1386AAAsresult_proc0016_0012.pdb,THEORETICAL MODEL,1,2023.35+release.23439d3,09-OCT-24,17901,80399146e582d92fa6a4e3177f1b1a3c61915b906af804f72b448a9d283fc2df,7b84a7c147e1e81319fa8b2616be90bdbf6fe795,DCarchimonde/ProteinMPNN,28dff152d83623dfb322480413b7dc889f8537a4
Me_1387AAAsresult_proc0001_0006,test,Me_,Rosetta-2023,nmethyl_data/raw_pdb/Me_1387AAAsresult_proc0001_0006.pdb,THEORETICAL MODEL,1,2023.35+release.23439d3,09-OCT-24,14904,8bc1ef637757c5d6e950209e0844306e75994469415f93d0b9b15765b60a2da6,b07b8603d3887468290990cf2fc0547cb2e2c277,DCarchimonde/ProteinMPNN,28dff152d83623dfb322480413b7dc889f8537a4
Me_1388AAAsresult_proc0011_0021,train,Me_,Rosetta-2023,nmethyl_data/raw_pdb/Me_1388AAAsresult_proc0011_0021.pdb,THEORETICAL MODEL,1,2023.35+release.23439d3,09-OCT-24,15957,7ac7f884e305ee4689091ebfe6b5e7d3a0036f893ceec99654803f16a244414b,a5e06b53a3479727c797e7ecb04fbbaea6d31c12,DCarchimonde/ProteinMPNN,28dff152d83623dfb322480413b7dc889f8537a4
Me_1389AAAsresult_proc0004_0019,train,Me_,Rosetta-2023,nmethyl_data/raw_pdb/Me_1389AAAsresult_proc0004_0019.pdb,THEORETICAL MODEL,1,2023.35+release.23439d3,09-OCT-24,15147,c7b58e90883805e42c7472bdce36f9c9f5c3137c2139cda7b02bc522be04816e,de223baae054b3ba2fbe60e8751d262f8371912a,DCarchimonde/ProteinMPNN,28dff152d83623dfb322480413b7dc889f8537a4
Me_1390AAAsresult_proc0012_0044,train,Me_,Rosetta-2023,nmethyl_data/raw_pdb/Me_1390AAAsresult_proc0012_0044.pdb,THEORETICAL MODEL,1,2023.35+release.23439d3,09-OCT-24,14256,68ab0dd922e48096449ef4b9008467eb8da2133887257711a8b08309fbb58a1b,004d6bba384cd076436821257f852f1138dbffde,DCarchimonde/ProteinMPNN,28dff152d83623dfb322480413b7dc889f8537a4
Me_1391AAAsresult_proc0004_0030,train,Me_,Rosetta-2023,nmethyl_data/raw_pdb/Me_1391AAAsresult_proc0004_0030.pdb,THEORETICAL MODEL,1,2023.35+release.23439d3,09-OCT-24,14661,da3202aaa5f9d132d989225c031c2196a61bd2bb09ed3142391f46547bebbef1,ef922028c7d89bca60b1e76f5c3da9bb802b3eaf,DCarchimonde/ProteinMPNN,28dff152d83623dfb322480413b7dc889f8537a4
Me_1392AAAsresult_proc0002_0024,test,Me_,Rosetta-2023,nmethyl_data/raw_pdb/Me_1392AAAsresult_proc0002_0024.pdb,THEORETICAL MODEL,1,2023.35+release.23439d3,09-OCT-24,13527,9c82fa239c20bbecdaf39bb3f9674d017a684dc78793eaa101b36ab5f5adc715,ede4118d3a2623639659867bdad8ba0be8503de1,DCarchimonde/ProteinMPNN,28dff152d83623dfb322480413b7dc889f8537a4
Me_1394AAAsresult_proc0005_0027,train,Me_,Rosetta-2023,nmethyl_data/raw_pdb/Me_1394AAAsresult_proc0005_0027.pdb,THEORETICAL MODEL,1,2023.35+release.23439d3,09-OCT-24,17511,ee930734596feb19179030da5abe4ab18e35f6cc0c19a1ab39f4ff25c0ef59aa,86c55042dd73bb820a49638d7465d1a3d50aed63,DCarchimonde/ProteinMPNN,28dff152d83623dfb322480413b7dc889f8537a4
Me_1395AAAsresult_proc0002_0018,train,Me_,Rosetta-2023,nmethyl_data/raw_pdb/Me_1395AAAsresult_proc0002_0018.pdb,THEORETICAL MODEL,1,2023.35+release.23439d3,09-OCT-24,16119,49699b7ee478be67a0014ba0e3c19d3fb81cd0f83f75623a1906a262a84c00a8,e23d82c9491afc8c69cb0f5117c9bab60f14c739,DCarchimonde/ProteinMPNN,28dff152d83623dfb322480413b7dc889f8537a4
Me_1397AAAsresult_proc0010_0005,train,Me_,Rosetta-2023,nmethyl_data/raw_pdb/Me_1397AAAsresult_proc0010_0005.pdb,THEORETICAL MODEL,1,2023.35+release.23439d3,09-OCT-24,20898,d9b95a8d1c47f9a1e9aba664475289713c76c72162f8fb29c8fa4ebe8606a53f,f8be65071f1c7008044342c5413efd7c121a5f4e,DCarchimonde/ProteinMPNN,28dff152d83623dfb322480413b7dc889f8537a4
Me_1398AAAsresult_proc0012_0021,test,Me_,Rosetta-2023,nmethyl_data/raw_pdb/Me_1398AAAsresult_proc0012_0021.pdb,THEORETICAL MODEL,1,2023.35+release.23439d3,09-OCT-24,15066,9a1a5bd2fc1d97acff947d83ec0021f1c13e1da6111ebd1e3d25d9b841ead68a,ce62ad0335b98b95de47415745b6dc5d88d52af3,DCarchimonde/ProteinMPNN,28dff152d83623dfb322480413b7dc889f8537a4
Me_1400AAAsresult_proc0016_0015,train,Me_,Rosetta-2023,nmethyl_data/raw_pdb/Me_1400AAAsresult_proc0016_0015.pdb,THEORETICAL MODEL,1,2023.35+release.23439d3,09-OCT-24,17897,97050e4e5a5e0e05bbea92ed89d1f361809cc9ca9cfc3f47f0eb96ad098fac0f,997ce4f3fa0a6c47d8439c3675eef5dc37b67ead,DCarchimonde/ProteinMPNN,28dff152d83623dfb322480413b7dc889f8537a4
Me_1403AAAsresult_proc0010_0018,train,Me_,Rosetta-2023,nmethyl_data/raw_pdb/Me_1403AAAsresult_proc0010_0018.pdb,THEORETICAL MODEL,1,2023.35+release.23439d3,09-OCT-24,15795,b13c7c62da91f58f93298ca3e2973a36cb29ba97ed4884b83a4eba2481c155d8,7a6d88169aefc0d02abd36893d4cc4d5961e6acd,DCarchimonde/ProteinMPNN,28dff152d83623dfb322480413b7dc889f8537a4
Me_1405AAAsresult_proc0007_0018,train,Me_,Rosetta-2023,nmethyl_data/raw_pdb/Me_1405AAAsresult_proc0007_0018.pdb,THEORETICAL MODEL,1,2023.35+release.23439d3,09-OCT-24,14661,aa81f5465fff213b4521ef103e9faae7518ab5e55cefc1ee952f6d700fa843e3,e6af19bb3c582c9e41109053e3584d53125d4453,DCarchimonde/ProteinMPNN,28dff152d83623dfb322480413b7dc889f8537a4
Me_1407AAAsresult_proc0012_0005,train,Me_,Rosetta-2023,nmethyl_data/raw_pdb/Me_1407AAAsresult_proc0012_0005.pdb,THEORETICAL MODEL,1,2023.35+release.23439d3,10-OCT-24,19278,0ad2145870aae13777529a5c07c0b9a5c2116bce88797152a4e0215b658eb4e2,8d6f2bf2f9ef96e06f26d86ce99a6ffcbfb1b695,DCarchimonde/ProteinMPNN,28dff152d83623dfb322480413b7dc889f8537a4
Me_1408AAAsresult_proc0013_0022,test,Me_,Rosetta-2023,nmethyl_data/raw_pdb/Me_1408AAAsresult_proc0013_0022.pdb,THEORETICAL MODEL,1,2023.35+release.23439d3,10-OCT-24,21951,f5aaa750fd4b6f95752ef5a77e3bd803b3bc1c8cea99097cdb1f2b83e215fe45,9216871d85984e321ef753ca79c987a0b26b5fbb,DCarchimonde/ProteinMPNN,28dff152d83623dfb322480413b7dc889f8537a4
Me_1410AAAsresult_proc0011_0023,train,Me_,Rosetta-2023,nmethyl_data/raw_pdb/Me_1410AAAsresult_proc0011_0023.pdb,THEORETICAL MODEL,1,2023.35+release.23439d3,10-OCT-24,12798,ed249675306a8b624ecf611801f64a7ed9c0bd7151bad704831fc6c8c1b9ea28,2fbde673bfeae18e33cfca90c094ac198f3d47a7,DCarchimonde/ProteinMPNN,28dff152d83623dfb322480413b7dc889f8537a4
Me_1411AAAsresult_proc0006_0039,train,Me_,Rosetta-2023,nmethyl_data/raw_pdb/Me_1411AAAsresult_proc0006_0039.pdb,THEORETICAL MODEL,1,2023.35+release.23439d3,10-OCT-24,21384,f865303f1ea72596f53d64a672ab324b73a097bf0163c9f6a93f265b6bd012f6,ab8af237098b4ed8529e3860ef1b4caac0c38f20,DCarchimonde/ProteinMPNN,28dff152d83623dfb322480413b7dc889f8537a4
Me_1412AAAsresult_proc0007_0032,train,Me_,Rosetta-2023,nmethyl_data/raw_pdb/Me_1412AAAsresult_proc0007_0032.pdb,THEORETICAL MODEL,1,2023.35+release.23439d3,10-OCT-24,20184,ebd11a60a16448c7621f4d55d7f5b2afde414515e2f1cc26f953ca1d72f13bbd,f783f306b86d46e7fe5752f0ce0767a1f45da01f,DCarchimonde/ProteinMPNN,28dff152d83623dfb322480413b7dc889f8537a4
Me_1413AAAsresult_proc0010_0019,train,Me_,Rosetta-2023,nmethyl_data/raw_pdb/Me_1413AAAsresult_proc0010_0019.pdb,THEORETICAL MODEL,1,2023.35+release.23439d3,10-OCT-24,18792,d1f6c01279077535c30a890953bdbf66333e2d2ff2bf14c06881aa0037047556,8b78567a2f85c3df33bf545c7b42aea967857c07,DCarchimonde/ProteinMPNN,28dff152d83623dfb322480413b7dc889f8537a4
Me_1416AAAsresult_proc0006_0012,test,Me_,Rosetta-2023,nmethyl_data/raw_pdb/Me_1416AAAsresult_proc0006_0012.pdb,THEORETICAL MODEL,1,2023.35+release.23439d3,10-OCT-24,16524,d4cac5b623d67a3e9dcd070b197b57fc8082cda495c835a5dcab2d26d9587aa5,5b51fa085436f2446ccbb8a22dae9724f0027333,DCarchimonde/ProteinMPNN,28dff152d83623dfb322480413b7dc889f8537a4
Me_1417AAAsresult_proc0016_0004,train,Me_,Rosetta-2023,nmethyl_data/raw_pdb/Me_1417AAAsresult_proc0016_0004.pdb,THEORETICAL MODEL,1,2023.35+release.23439d3,10-OCT-24,14418,6a44e63c466c85e9deab6af7534feb0acdbb33e86b5dd4f737f3b36ff3926dd7,d0aac388f3744eecf1849c5f50746efd4b0d0cdd,DCarchimonde/ProteinMPNN,28dff152d83623dfb322480413b7dc889f8537a4
Me_1418AAAsresult_proc0004_0004,train,Me_,Rosetta-2023,nmethyl_data/raw_pdb/Me_1418AAAsresult_proc0004_0004.pdb,THEORETICAL MODEL,1,2023.35+release.23439d3,10-OCT-24,12393,2869e52c14fbd1c2f6b2ca69b22c7770ee667a448c5beaf8a46f32dd5da0da5a,db0382f5502202dc240c6433b7113f66c895b751,DCarchimonde/ProteinMPNN,28dff152d83623dfb322480413b7dc889f8537a4
Me_1420AAAsresult_proc0002_0007,train,Me_,Rosetta-2023,nmethyl_data/raw_pdb/Me_1420AAAsresult_proc0002_0007.pdb,THEORETICAL MODEL,1,2023.35+release.23439d3,10-OCT-24,17415,9f4bdd6a2a65edd0f8a381ec5bd5bc55d89c8b49ec0ff49bb4b55ad507b68698,f372f869781c9fd6ff63ff84c6baacd0990c3ec2,DCarchimonde/ProteinMPNN,28dff152d83623dfb322480413b7dc889f8537a4
Me_1421AAAsresult_proc0001_0015,train,Me_,Rosetta-2023,nmethyl_data/raw_pdb/Me_1421AAAsresult_proc0001_0015.pdb,THEORETICAL MODEL,1,2023.35+release.23439d3,10-OCT-24,11745,5e6be2c94884ab60210beaadea4b739260e14b0d0ed35cec429a3a3f259dd5f7,26565b4c1c04b209fa76025a5dd161ffc9cfd708,DCarchimonde/ProteinMPNN,28dff152d83623dfb322480413b7dc889f8537a4
Me_1422AAAsresult_proc0013_0012,test,Me_,Rosetta-2023,nmethyl_data/raw_pdb/Me_1422AAAsresult_proc0013_0012.pdb,THEORETICAL MODEL,1,2023.35+release.23439d3,10-OCT-24,14256,4d4b3b323192a6b0acb066dbaf4d0b2e8d7a40480a3723ed29b9f1362bc3c3f5,3e82657ea54ea0bfae874c9193071e4d5e04b9b1,DCarchimonde/ProteinMPNN,28dff152d83623dfb322480413b7dc889f8537a4
Me_1423AAAsresult_proc0006_0026,train,Me_,Rosetta-2023,nmethyl_data/raw_pdb/Me_1423AAAsresult_proc0006_0026.pdb,THEORETICAL MODEL,1,2023.35+release.23439d3,10-OCT-24,14580,e86d459856c24e35aa7b6f46fcdeac43f1925c905808d19c6705bbc03ecf10fa,9cca86fed29e46cd66e099bee22b370e43ac7ce2,DCarchimonde/ProteinMPNN,28dff152d83623dfb322480413b7dc889f8537a4
Me_1424AAAsresult_proc0015_0012,train,Me_,Rosetta-2023,nmethyl_data/raw_pdb/Me_1424AAAsresult_proc0015_0012.pdb,THEORETICAL MODEL,1,2023.35+release.23439d3,10-OCT-24,18873,8abc3b5bbbc922071575f4b592659a71e011655b4b7bca36d626125125efb2b1,38f968930236ecc5c6a8583581816e85e0f40f0c,DCarchimonde/ProteinMPNN,28dff152d83623dfb322480413b7dc889f8537a4
Me_1425AAAsresult_proc0002_0006,test,Me_,Rosetta-2023,nmethyl_data/raw_pdb/Me_1425AAAsresult_proc0002_0006.pdb,THEORETICAL MODEL,1,2023.35+release.23439d3,10-OCT-24,20655,444a181b68419479b394abe42225ef55b7c48290c9f23a583f81cd1bb14659f8,b0a1d709c59ae52fab1da07bf4f53e21e113335f,DCarchimonde/ProteinMPNN,28dff152d83623dfb322480413b7dc889f8537a4
Me_1426AAAsresult_proc0006_0002,train,Me_,Rosetta-2023,nmethyl_data/raw_pdb/Me_1426AAAsresult_proc0006_0002.pdb,THEORETICAL MODEL,1,2023.35+release.23439d3,10-OCT-24,12960,12036797f07b5db45ccde5b389d99958dfbb4b63c63bd6843824b5058535f629,7bfe5f5581c01b269351b391313ee8b9e1cc4c3b,DCarchimonde/ProteinMPNN,28dff152d83623dfb322480413b7dc889f8537a4
Me_1427AAAsresult_proc0013_0014,train,Me_,Rosetta-2023,nmethyl_data/raw_pdb/Me_1427AAAsresult_proc0013_0014.pdb,THEORETICAL MODEL,1,2023.35+release.23439d3,10-OCT-24,15471,6e1782396f776b0a9778fd3b761d28d722eb59f6c32d0b7884861083e9c648f1,cf07bcbd02525c05ee57b7cbd89e6e5b419837a0,DCarchimonde/ProteinMPNN,28dff152d83623dfb322480413b7dc889f8537a4
Me_1428AAAsresult_proc0005_0005,test,Me_,Rosetta-2023,nmethyl_data/raw_pdb/Me_1428AAAsresult_proc0005_0005.pdb,THEORETICAL MODEL,1,2023.35+release.23439d3,10-OCT-24,14742,972bdf4f64d09d103a80aedab8391f1bd62264a1c5d835a85bc87a3d3decfd63,0600b9f46ec531e866c06d6f5f483f9c07cd20de,DCarchimonde/ProteinMPNN,28dff152d83623dfb322480413b7dc889f8537a4
Me_1429AAAsresult_proc0012_0003,train,Me_,Rosetta-2023,nmethyl_data/raw_pdb/Me_1429AAAsresult_proc0012_0003.pdb,THEORETICAL MODEL,1,2023.35+release.23439d3,10-OCT-24,12393,5b0d7fc3e38f1c3cf4ae25b485c5d1e49b92298e6fb30c281c7071552ae0c0ed,0b8905f7fd370cd84a2f5baf221a87415d542267,DCarchimonde/ProteinMPNN,28dff152d83623dfb322480413b7dc889f8537a4
Me_1430AAAsresult_proc0004_0002,train,Me_,Rosetta-2023,nmethyl_data/raw_pdb/Me_1430AAAsresult_proc0004_0002.pdb,THEORETICAL MODEL,1,2023.35+release.23439d3,10-OCT-24,11745,c6c5072f11c2b76f60d0470096c40f1faa5f4971bf1d5bf853805da099e33d47,388f27be951d2194d0472bce65d939019130715c,DCarchimonde/ProteinMPNN,28dff152d83623dfb322480413b7dc889f8537a4
Me_1431AAAsresult_proc0011_0009,train,Me_,Rosetta-2023,nmethyl_data/raw_pdb/Me_1431AAAsresult_proc0011_0009.pdb,THEORETICAL MODEL,1,2023.35+release.23439d3,10-OCT-24,19440,343f8c75699aedf82dd01802562920fb6bd04309291d74c7b8209f0cb293aa12,1a684939c3f692f183450a2f268cfbe1bce0b5e0,DCarchimonde/ProteinMPNN,28dff152d83623dfb322480413b7dc889f8537a4
Me_1432AAAsresult_proc0008_0020,train,Me_,Rosetta-2023,nmethyl_data/raw_pdb/Me_1432AAAsresult_proc0008_0020.pdb,THEORETICAL MODEL,1,2023.35+release.23439d3,10-OCT-24,14788,2cfbd80953ce70a7b30969a960de065aff1cf8e4866d621a60996ac2dc6f97d5,1767bfbd858e183671c54fee208fd5a40fbae390,DCarchimonde/ProteinMPNN,28dff152d83623dfb322480413b7dc889f8537a4
Me_1433AAAsresult_proc0002_0001,train,Me_,Rosetta-2023,nmethyl_data/raw_pdb/Me_1433AAAsresult_proc0002_0001.pdb,THEORETICAL MODEL,1,2023.35+release.23439d3,10-OCT-24,18290,b0ac0bbdcfa342016636f7249a052335c41020cb20d6776d25b7dd3e4a31442b,6b3e4ace2bf29fc574bfc583d6a5ba546d419252,DCarchimonde/ProteinMPNN,28dff152d83623dfb322480413b7dc889f8537a4
Me_1434AAAsresult_proc0006_0009,train,Me_,Rosetta-2023,nmethyl_data/raw_pdb/Me_1434AAAsresult_proc0006_0009.pdb,THEORETICAL MODEL,1,2023.35+release.23439d3,10-OCT-24,13527,a00c7a3e2c5acd1f455b7a61ff21851f7173c27964e630568f1eaacba1d0f4fa,8dc1e5eaeaee87b686f639a8384d83bd31ed42b7,DCarchimonde/ProteinMPNN,28dff152d83623dfb322480413b7dc889f8537a4
Me_1435AAAsresult_proc0002_0025,test,Me_,Rosetta-2023,nmethyl_data/raw_pdb/Me_1435AAAsresult_proc0002_0025.pdb,THEORETICAL MODEL,1,2023.35+release.23439d3,10-OCT-24,16038,8f0eeb726d3bd4483d4573f807421922317e03d30e5fb98cb60671cf907ec1b8,f830dd16076ac516f1a511d044219f605faf0dc2,DCarchimonde/ProteinMPNN,28dff152d83623dfb322480413b7dc889f8537a4
Me_1436AAAsresult_proc0010_0020,train,Me_,Rosetta-2023,nmethyl_data/raw_pdb/Me_1436AAAsresult_proc0010_0020.pdb,THEORETICAL MODEL,1,2023.35+release.23439d3,10-OCT-24,14175,3d8c8957c84892a5afd7986198f1fc79bf1deb63f9baf70d103850f78141d1d9,1a5faf3a626ec9064fa6507b1719dc2861de5b13,DCarchimonde/ProteinMPNN,28dff152d83623dfb322480413b7dc889f8537a4
Me_1438AAAsresult_proc0003_0006,train,Me_,Rosetta-2023,nmethyl_data/raw_pdb/Me_1438AAAsresult_proc0003_0006.pdb,THEORETICAL MODEL,1,2023.35+release.23439d3,10-OCT-24,17577,b591352ddc91dc4cf98ef997701fae9ae57c15145f2567849d66e3ca711353bb,4f25dfceb1689491505c329138cce43726462f1d,DCarchimonde/ProteinMPNN,28dff152d83623dfb322480413b7dc889f8537a4
pdb_20260105103319_top1_methy_seq_0_result_0094,train,pdb_,Rosetta-2025,nmethyl_data/raw_pdb/pdb_20260105103319_top1_methy_seq_0_result_0094.pdb,THEORETICAL MODEL,1,2025.25+release.a0cefad01b,05-JAN-26,24603,ae082723b36ab1fdd4c85f9c311577dcb7849888c16cc8057bd19972ea63c095,2a68747d0f37c57adda294214c72718922a88980,DCarchimonde/ProteinMPNN,28dff152d83623dfb322480413b7dc889f8537a4
pdb_20260105103319_top1_methy_seq_10_result_0226,train,pdb_,Rosetta-2025,nmethyl_data/raw_pdb/pdb_20260105103319_top1_methy_seq_10_result_0226.pdb,THEORETICAL MODEL,1,2025.25+release.a0cefad01b,05-JAN-26,15142,0bf1a196f53069634a78e1afb58fad784e977d2f6ad1e52bb789c78135288c85,5540843396691f02983dda7b90bb9820726826b3,DCarchimonde/ProteinMPNN,28dff152d83623dfb322480413b7dc889f8537a4
pdb_20260105103319_top1_methy_seq_11_result_0152,train,pdb_,Rosetta-2025,nmethyl_data/raw_pdb/pdb_20260105103319_top1_methy_seq_11_result_0152.pdb,THEORETICAL MODEL,1,2025.25+release.a0cefad01b,05-JAN-26,16977,be2ae9257fb99eebf81a51e69660c5ceb0363d1348d0623837bfea7eff2fc0aa,03097b370bcc69eef4df4bbbb52c338d4106d502,DCarchimonde/ProteinMPNN,28dff152d83623dfb322480413b7dc889f8537a4
pdb_20260105103319_top1_methy_seq_12_result_0390,train,pdb_,Rosetta-2025,nmethyl_data/raw_pdb/pdb_20260105103319_top1_methy_seq_12_result_0390.pdb,THEORETICAL MODEL,1,2025.25+release.a0cefad01b,06-JAN-26,17981,548a1100c41530dd9f6fad82c251ad3914dd155731b2200d96ba98034ced937b,30840fb0958c83239b2688dcd1089e110ec84652,DCarchimonde/ProteinMPNN,28dff152d83623dfb322480413b7dc889f8537a4
pdb_20260105103319_top1_methy_seq_13_result_0211,train,pdb_,Rosetta-2025,nmethyl_data/raw_pdb/pdb_20260105103319_top1_methy_seq_13_result_0211.pdb,THEORETICAL MODEL,1,2025.25+release.a0cefad01b,05-JAN-26,13451,bc9868c27d9e09c750ae1a72e88b88f254bbd418a1db3bae7aa53388fdfdf7d0,bced5bd9de6bc0b0f4e76733e8c73b4a263cef14,DCarchimonde/ProteinMPNN,28dff152d83623dfb322480413b7dc889f8537a4
pdb_20260105103319_top1_methy_seq_14_result_0013,train,pdb_,Rosetta-2025,nmethyl_data/raw_pdb/pdb_20260105103319_top1_methy_seq_14_result_0013.pdb,THEORETICAL MODEL,1,2025.25+release.a0cefad01b,05-JAN-26,15911,15bc82d8aa39226bfd6cf0922729fd45b236ae1f63161cf8137347f3c489273e,1d0c4d4d0a04ac06996d656ee1596af79935e559,DCarchimonde/ProteinMPNN,28dff152d83623dfb322480413b7dc889f8537a4
pdb_20260105103319_top1_methy_seq_15_result_0324,train,pdb_,Rosetta-2025,nmethyl_data/raw_pdb/pdb_20260105103319_top1_methy_seq_15_result_0324.pdb,THEORETICAL MODEL,1,2025.25+release.a0cefad01b,05-JAN-26,17551,30069ba9d3463647de2e7e9d0a156aede81013b72661b9d832769d12fd6802da,eaffb26fa3fc7e7c545c9811ded64339aaefd4fb,DCarchimonde/ProteinMPNN,28dff152d83623dfb322480413b7dc889f8537a4
pdb_20260105103319_top1_methy_seq_16_result_0163,train,pdb_,Rosetta-2025,nmethyl_data/raw_pdb/pdb_20260105103319_top1_methy_seq_16_result_0163.pdb,THEORETICAL MODEL,1,2025.25+release.a0cefad01b,06-JAN-26,18945,7ea76c9cdab70c7de0c98bd938a92fd61c88b4f837bc7c0f55b7455f076ee774,cc54ec0651acb043e77d5804436b28d93c3660f0,DCarchimonde/ProteinMPNN,28dff152d83623dfb322480413b7dc889f8537a4
pdb_20260105103319_top1_methy_seq_17_result_0020,train,pdb_,Rosetta-2025,nmethyl_data/raw_pdb/pdb_20260105103319_top1_methy_seq_17_result_0020.pdb,THEORETICAL MODEL,1,2025.25+release.a0cefad01b,05-JAN-26,17797,93a3074f2fbb292f3a34c15da960bf43c159d5652e451dd5caaea0ea22b1d71a,c7b8b80fed2348e2dcf1eec9791e6e4c2927fede,DCarchimonde/ProteinMPNN,28dff152d83623dfb322480413b7dc889f8537a4
pdb_20260105103319_top1_methy_seq_18_result_0035,test,pdb_,Rosetta-2025,nmethyl_data/raw_pdb/pdb_20260105103319_top1_methy_seq_18_result_0035.pdb,THEORETICAL MODEL,1,2025.25+release.a0cefad01b,06-JAN-26,21733,c82359ed38ebb32f905b58fc1c9012581233c33b7d2e4f0764fa07d40b84e714,0eacec741e2ba86c0defedcd4ebf71c13e26426b,DCarchimonde/ProteinMPNN,28dff152d83623dfb322480413b7dc889f8537a4
pdb_20260105103319_top1_methy_seq_19_result_0066,train,pdb_,Rosetta-2025,nmethyl_data/raw_pdb/pdb_20260105103319_top1_methy_seq_19_result_0066.pdb,THEORETICAL MODEL,1,2025.25+release.a0cefad01b,06-JAN-26,20667,c2f8e69df0c67388d8722c4360efa997f5c75d16ae4b1631121169e2412230f8,4739cc120104335cd40402a9f1af367501bfe3cc,DCarchimonde/ProteinMPNN,28dff152d83623dfb322480413b7dc889f8537a4
pdb_20260105103319_top1_methy_seq_1_result_0439,test,pdb_,Rosetta-2025,nmethyl_data/raw_pdb/pdb_20260105103319_top1_methy_seq_1_result_0439.pdb,THEORETICAL MODEL,1,2025.25+release.a0cefad01b,05-JAN-26,20093,289239bd9cd2cb22df2aeff0f923eb9b5e51a406e37e878eefe8dea5aa765d1f,45aa12c480a62402b0e0d4c5cfb5eb70a979d1ce,DCarchimonde/ProteinMPNN,28dff152d83623dfb322480413b7dc889f8537a4
pdb_20260105103319_top1_methy_seq_20_result_0210,train,pdb_,Rosetta-2025,nmethyl_data/raw_pdb/pdb_20260105103319_top1_methy_seq_20_result_0210.pdb,THEORETICAL MODEL,1,2025.25+release.a0cefad01b,06-JAN-26,17059,8b5ce3116bec4a91cc8a7e9eb3b8606667a0dbb1c1c1008871d21a7871fc7c3b,2951577d3982826b3382ea62dc26ba9dabdf2d94,DCarchimonde/ProteinMPNN,28dff152d83623dfb322480413b7dc889f8537a4
pdb_20260105103319_top1_methy_seq_21_result_0484,test,pdb_,Rosetta-2025,nmethyl_data/raw_pdb/pdb_20260105103319_top1_methy_seq_21_result_0484.pdb,THEORETICAL MODEL,1,2025.25+release.a0cefad01b,06-JAN-26,19273,c03a0f634589d89bad2ecf6fd85ffd23f332e95cba97c9bb30bb21bce1dc8616,171d1daee4587b928ba3992700ebd23cd6937c44,DCarchimonde/ProteinMPNN,28dff152d83623dfb322480413b7dc889f8537a4
pdb_20260105103319_top1_methy_seq_22_result_0403,test,pdb_,Rosetta-2025,nmethyl_data/raw_pdb/pdb_20260105103319_top1_methy_seq_22_result_0403.pdb,THEORETICAL MODEL,1,2025.25+release.a0cefad01b,06-JAN-26,17141,d608c37d2bffaa3dfcec28433d608da06c9a41656bf3cabbad14aad325bcf4b7,3ccc72b204590757e2bf0ed9cacb2a9ee99d2c72,DCarchimonde/ProteinMPNN,28dff152d83623dfb322480413b7dc889f8537a4
pdb_20260105103319_top1_methy_seq_23_result_0284,test,pdb_,Rosetta-2025,nmethyl_data/raw_pdb/pdb_20260105103319_top1_methy_seq_23_result_0284.pdb,THEORETICAL MODEL,1,2025.25+release.a0cefad01b,06-JAN-26,24111,1045731b7f994b115de7883e29f918146849233331fac49de9d7dc5a4dbacc7d,1847345ff5fb1b01d44d48f5f801eb09409383e9,DCarchimonde/ProteinMPNN,28dff152d83623dfb322480413b7dc889f8537a4
pdb_20260105103319_top1_methy_seq_24_result_0205,test,pdb_,Rosetta-2025,nmethyl_data/raw_pdb/pdb_20260105103319_top1_methy_seq_24_result_0205.pdb,THEORETICAL MODEL,1,2025.25+release.a0cefad01b,06-JAN-26,20257,591d5bc34af746816e1c40f3cb0500d97ce418f8050f3d76c82b4d684d19063e,5a8895852abf28d7a687405972c73a1c31ceaa42,DCarchimonde/ProteinMPNN,28dff152d83623dfb322480413b7dc889f8537a4
pdb_20260105103319_top1_methy_seq_25_result_0439,train,pdb_,Rosetta-2025,nmethyl_data/raw_pdb/pdb_20260105103319_top1_methy_seq_25_result_0439.pdb,THEORETICAL MODEL,1,2025.25+release.a0cefad01b,06-JAN-26,18227,a4acdff52bd27711898cd8a50b94dacf9458271b131e4a2d2f235a10c49248f3,0d7bc3173bffaab143f6cfde3dd7bde83b4c48b7,DCarchimonde/ProteinMPNN,28dff152d83623dfb322480413b7dc889f8537a4
pdb_20260105103319_top1_methy_seq_26_result_0400,train,pdb_,Rosetta-2025,nmethyl_data/raw_pdb/pdb_20260105103319_top1_methy_seq_26_result_0400.pdb,THEORETICAL MODEL,1,2025.25+release.a0cefad01b,06-JAN-26,17305,20bf1d2c499e419717812eff4eeb0379467e0f074e9f451d92694207b8bb9272,4d958b7e0e93f6eccdfa865f4a16f75faf53fd6f,DCarchimonde/ProteinMPNN,28dff152d83623dfb322480413b7dc889f8537a4
pdb_20260105103319_top1_methy_seq_27_result_0467,train,pdb_,Rosetta-2025,nmethyl_data/raw_pdb/pdb_20260105103319_top1_methy_seq_27_result_0467.pdb,THEORETICAL MODEL,1,2025.25+release.a0cefad01b,06-JAN-26,19426,99b01d31818ded67c2438bee36d9bd0abd341d0543f066f247567f73825262da,d1a352a2f5bddfb02640de5972df9bcd1699cfc0,DCarchimonde/ProteinMPNN,28dff152d83623dfb322480413b7dc889f8537a4
pdb_20260105103319_top1_methy_seq_28_result_0029,train,pdb_,Rosetta-2025,nmethyl_data/raw_pdb/pdb_20260105103319_top1_methy_seq_28_result_0029.pdb,THEORETICAL MODEL,1,2025.25+release.a0cefad01b,06-JAN-26,16485,d380a8b33c9f99096e677e974008332cae880fb5c60a014e13c88e15116fe40c,ce66140a75ba1e5d99e32ef9b9a4d4bf24e87157,DCarchimonde/ProteinMPNN,28dff152d83623dfb322480413b7dc889f8537a4
pdb_20260105103319_top1_methy_seq_29_result_0291,train,pdb_,Rosetta-2025,nmethyl_data/raw_pdb/pdb_20260105103319_top1_methy_seq_29_result_0291.pdb,THEORETICAL MODEL,1,2025.25+release.a0cefad01b,06-JAN-26,19293,a1bf4f05ef76bc4fa4e42c54e9a4bc4afee3dae8806f66facc7cb32d4f8eda96,6a36b7a74cff40902101f260d067d86df3b6b442,DCarchimonde/ProteinMPNN,28dff152d83623dfb322480413b7dc889f8537a4
pdb_20260105103319_top1_methy_seq_2_result_0375,train,pdb_,Rosetta-2025,nmethyl_data/raw_pdb/pdb_20260105103319_top1_methy_seq_2_result_0375.pdb,THEORETICAL MODEL,1,2025.25+release.a0cefad01b,05-JAN-26,17387,d94e851362a50ef74209c88569d6bbb31ba864cd88279e3b938d9c7b90a5b906,8b302714856309de611ab3694624a22d928fd2bd,DCarchimonde/ProteinMPNN,28dff152d83623dfb322480413b7dc889f8537a4
pdb_20260105103319_top1_methy_seq_30_result_0465,train,pdb_,Rosetta-2025,nmethyl_data/raw_pdb/pdb_20260105103319_top1_methy_seq_30_result_0465.pdb,THEORETICAL MODEL,1,2025.25+release.a0cefad01b,06-JAN-26,18453,aed985b9dd102f42581a6f775f1349ca9b12b2e1eca08bd2528245f610200f95,416518ba769a69ef84d01e9b9833a4e0ebec3acf,DCarchimonde/ProteinMPNN,28dff152d83623dfb322480413b7dc889f8537a4
pdb_20260105103319_top1_methy_seq_31_result_0009,train,pdb_,Rosetta-2025,nmethyl_data/raw_pdb/pdb_20260105103319_top1_methy_seq_31_result_0009.pdb,THEORETICAL MODEL,1,2025.25+release.a0cefad01b,06-JAN-26,17305,843827968913fee5e28e17b0c96dd7afc41b43e588664f64ca6eaf9792b04c46,5a4ffd1fabfe3e21c3820a5f1eaa5e6b0b1a18fd,DCarchimonde/ProteinMPNN,28dff152d83623dfb322480413b7dc889f8537a4
pdb_20260105103319_top1_methy_seq_32_result_0498,train,pdb_,Rosetta-2025,nmethyl_data/raw_pdb/pdb_20260105103319_top1_methy_seq_32_result_0498.pdb,THEORETICAL MODEL,1,2025.25+release.a0cefad01b,06-JAN-26,20062,8b92eadabdbacaf4eb383411bdf47356067180b52b7e51282609c147cc66351b,1cc5d16456c4b5e5f72014a137e29ce54c211095,DCarchimonde/ProteinMPNN,28dff152d83623dfb322480413b7dc889f8537a4
pdb_20260105103319_top1_methy_seq_33_result_0433,test,pdb_,Rosetta-2025,nmethyl_data/raw_pdb/pdb_20260105103319_top1_methy_seq_33_result_0433.pdb,THEORETICAL MODEL,1,2025.25+release.a0cefad01b,06-JAN-26,19816,3ffde7de80db136f986d36032f2c1fcecb390d2735f06269759b7c62ef7e9f14,1f907f76c29c81fb35cd904617663f7a2725a154,DCarchimonde/ProteinMPNN,28dff152d83623dfb322480413b7dc889f8537a4
pdb_20260105103319_top1_methy_seq_34_result_0468,train,pdb_,Rosetta-2025,nmethyl_data/raw_pdb/pdb_20260105103319_top1_methy_seq_34_result_0468.pdb,THEORETICAL MODEL,1,2025.25+release.a0cefad01b,06-JAN-26,17059,3cf33847cd8b7abd0035aa51adef7d59df6dbca0da27b3adcd42629388b5744b,ad4ed7c2066c7be072dc408b5c4d6e629098ae66,DCarchimonde/ProteinMPNN,28dff152d83623dfb322480413b7dc889f8537a4
pdb_20260105103319_top1_methy_seq_35_result_0188,test,pdb_,Rosetta-2025,nmethyl_data/raw_pdb/pdb_20260105103319_top1_methy_seq_35_result_0188.pdb,THEORETICAL MODEL,1,2025.25+release.a0cefad01b,06-JAN-26,16075,c294b0490591b89a82d0ca39dc2bd885d0dd079779748b8f4c7c0bd2fe949249,921c2cb4a3b7031a5e05fcfce1ea2b268dc00fad,DCarchimonde/ProteinMPNN,28dff152d83623dfb322480413b7dc889f8537a4
pdb_20260105103319_top1_methy_seq_36_result_0172,train,pdb_,Rosetta-2025,nmethyl_data/raw_pdb/pdb_20260105103319_top1_methy_seq_36_result_0172.pdb,THEORETICAL MODEL,1,2025.25+release.a0cefad01b,06-JAN-26,22061,3f5d42ae529d4af7d6812dc0e923d5767f8706dcb1c93d88bf96442588e66673,31b0a730faa92a0639330538baa37c3f5cbb650a,DCarchimonde/ProteinMPNN,28dff152d83623dfb322480413b7dc889f8537a4
pdb_20260105103319_top1_methy_seq_37_result_0461,train,pdb_,Rosetta-2025,nmethyl_data/raw_pdb/pdb_20260105103319_top1_methy_seq_37_result_0461.pdb,THEORETICAL MODEL,1,2025.25+release.a0cefad01b,06-JAN-26,20831,d7b68365d4e4d0fa173ad2af4c4cdf32efefe6850bc5f01e672d74a256b2b3dd,74ebcebe32842e93b80fc88da450ec740e44f007,DCarchimonde/ProteinMPNN,28dff152d83623dfb322480413b7dc889f8537a4
pdb_20260105103319_top1_methy_seq_38_result_0250,train,pdb_,Rosetta-2025,nmethyl_data/raw_pdb/pdb_20260105103319_top1_methy_seq_38_result_0250.pdb,THEORETICAL MODEL,1,2025.25+release.a0cefad01b,06-JAN-26,21815,5298be4f73eb2e630dc7345671809a9f7a1fb8cb4128383e803d70b251c2ed22,7be864591d63be425b793ab65c06c001260ba28f,DCarchimonde/ProteinMPNN,28dff152d83623dfb322480413b7dc889f8537a4
pdb_20260105103319_top1_methy_seq_39_result_0284,train,pdb_,Rosetta-2025,nmethyl_data/raw_pdb/pdb_20260105103319_top1_methy_seq_39_result_0284.pdb,THEORETICAL MODEL,1,2025.25+release.a0cefad01b,06-JAN-26,19847,a0f9d21f067118ec593051f5030cd7a3d7f5c50f39f4bdf8479c41a07b2d4aa0,369fc4b132e3afe454b6ebd3667a6d984ad6b250,DCarchimonde/ProteinMPNN,28dff152d83623dfb322480413b7dc889f8537a4
pdb_20260105103319_top1_methy_seq_3_result_0146,train,pdb_,Rosetta-2025,nmethyl_data/raw_pdb/pdb_20260105103319_top1_methy_seq_3_result_0146.pdb,THEORETICAL MODEL,1,2025.25+release.a0cefad01b,05-JAN-26,21979,340b143236760a39f07b276c23213141a9bee4fbb3e943b40e1283a4b6357d69,67333e6ce551183eeadb0d01b25eb32259887f51,DCarchimonde/ProteinMPNN,28dff152d83623dfb322480413b7dc889f8537a4
pdb_20260105103319_top1_methy_seq_40_result_0114,test,pdb_,Rosetta-2025,nmethyl_data/raw_pdb/pdb_20260105103319_top1_methy_seq_40_result_0114.pdb,THEORETICAL MODEL,1,2025.25+release.a0cefad01b,06-JAN-26,21159,04f95bc7e171decb5d9b8bd8dd466fc09df325b9b595c5eb072a5ad5f1b5a390,d09cc175d4de50d6a0b77f7b53417093e29c2bc7,DCarchimonde/ProteinMPNN,28dff152d83623dfb322480413b7dc889f8537a4
pdb_20260105103319_top1_methy_seq_41_result_0065,train,pdb_,Rosetta-2025,nmethyl_data/raw_pdb/pdb_20260105103319_top1_methy_seq_41_result_0065.pdb,THEORETICAL MODEL,1,2025.25+release.a0cefad01b,07-JAN-26,21569,abec90d5e4848a60462fb7baf1f85f54ba727233e660179465334e81d5a81f6e,a586048b7fdaf699c79630b9632cb0da2d5d6f90,DCarchimonde/ProteinMPNN,28dff152d83623dfb322480413b7dc889f8537a4
pdb_20260105103319_top1_methy_seq_42_result_0029,test,pdb_,Rosetta-2025,nmethyl_data/raw_pdb/pdb_20260105103319_top1_methy_seq_42_result_0029.pdb,THEORETICAL MODEL,1,2025.25+release.a0cefad01b,06-JAN-26,21487,2e8ff98ebc7ea97b352c95ce8c73e5d951332ff965fb00fea6b5d0c448b0cd83,3355aa5e2bfec8cff3bdc480f64e0444b4521294,DCarchimonde/ProteinMPNN,28dff152d83623dfb322480413b7dc889f8537a4
pdb_20260105103319_top1_methy_seq_43_result_0139,train,pdb_,Rosetta-2025,nmethyl_data/raw_pdb/pdb_20260105103319_top1_methy_seq_43_result_0139.pdb,THEORETICAL MODEL,1,2025.25+release.a0cefad01b,06-JAN-26,16977,2962b9af7f1f8bfb87e1d8b8018ecff546f7d05cd84d2d8a20d41046cf68c9dc,889714bc66f270150803da115cf83ed814b11ffd,DCarchimonde/ProteinMPNN,28dff152d83623dfb322480413b7dc889f8537a4
pdb_20260105103319_top1_methy_seq_44_result_0074,train,pdb_,Rosetta-2025,nmethyl_data/raw_pdb/pdb_20260105103319_top1_methy_seq_44_result_0074.pdb,THEORETICAL MODEL,1,2025.25+release.a0cefad01b,06-JAN-26,19929,0debb732cd001f58c92c1caf5c75d7fa4eb601be9111e83d781c722b7ac5e4e0,b9ccc4351ca241ef19630b70c81b0834749520a5,DCarchimonde/ProteinMPNN,28dff152d83623dfb322480413b7dc889f8537a4
pdb_20260105103319_top1_methy_seq_45_result_0230,train,pdb_,Rosetta-2025,nmethyl_data/raw_pdb/pdb_20260105103319_top1_methy_seq_45_result_0230.pdb,THEORETICAL MODEL,1,2025.25+release.a0cefad01b,06-JAN-26,17797,d796ad3b328e73f33eb38c98986530a131bafcc48a13aa67198e42f90c618529,e6fba8b8190a1dbad9c2c5e4a5fff2757ed7c5b5,DCarchimonde/ProteinMPNN,28dff152d83623dfb322480413b7dc889f8537a4
pdb_20260105103319_top1_methy_seq_46_result_0357,train,pdb_,Rosetta-2025,nmethyl_data/raw_pdb/pdb_20260105103319_top1_methy_seq_46_result_0357.pdb,THEORETICAL MODEL,1,2025.25+release.a0cefad01b,06-JAN-26,17715,80d0d3d7969ff2aa0ae5a02a5c05764fd440c7ce6d653d19165d7fffdb6ca4f1,46e5392887cbb5051f334a3db7571bdfac9aa4f7,DCarchimonde/ProteinMPNN,28dff152d83623dfb322480413b7dc889f8537a4
pdb_20260105103319_top1_methy_seq_47_result_0095,train,pdb_,Rosetta-2025,nmethyl_data/raw_pdb/pdb_20260105103319_top1_methy_seq_47_result_0095.pdb,THEORETICAL MODEL,1,2025.25+release.a0cefad01b,07-JAN-26,23291,4de9469ac3fb0d17b0c5d67085098d0e8b01d101d970c0139ab090da1a0ca1db,32b1b1afbc34810d7a950e7964ec696a7718c9e8,DCarchimonde/ProteinMPNN,28dff152d83623dfb322480413b7dc889f8537a4
pdb_20260105103319_top1_methy_seq_48_result_0470,train,pdb_,Rosetta-2025,nmethyl_data/raw_pdb/pdb_20260105103319_top1_methy_seq_48_result_0470.pdb,THEORETICAL MODEL,1,2025.25+release.a0cefad01b,06-JAN-26,18781,07c05639dcc1021d4bf409e79812bf771133d557adc22f440471a9f165a2e1d2,056b6c63a005113a3da0b4879e7e5ea55160c4d7,DCarchimonde/ProteinMPNN,28dff152d83623dfb322480413b7dc889f8537a4
pdb_20260105103319_top1_methy_seq_49_result_0004,train,pdb_,Rosetta-2025,nmethyl_data/raw_pdb/pdb_20260105103319_top1_methy_seq_49_result_0004.pdb,THEORETICAL MODEL,1,2025.25+release.a0cefad01b,07-JAN-26,22799,53e5425d6258ef60c8768de0fdfd4b18704646bb6f6569d2f965ca7bd81da440,9965c9704e871d1deb31f3f620c64f72851819d2,DCarchimonde/ProteinMPNN,28dff152d83623dfb322480413b7dc889f8537a4
pdb_20260105103319_top1_methy_seq_4_result_0450,test,pdb_,Rosetta-2025,nmethyl_data/raw_pdb/pdb_20260105103319_top1_methy_seq_4_result_0450.pdb,THEORETICAL MODEL,1,2025.25+release.a0cefad01b,06-JAN-26,27473,8ed6d9dc1e6bd612336d8431c2fc7be79155c6e94cba8a3d83c4d3ca1f46a409,b4bce59b2970582e61c88ca63c3425b4c16c2f52,DCarchimonde/ProteinMPNN,28dff152d83623dfb322480413b7dc889f8537a4
pdb_20260105103319_top1_methy_seq_50_result_0383,train,pdb_,Rosetta-2025,nmethyl_data/raw_pdb/pdb_20260105103319_top1_methy_seq_50_result_0383.pdb,THEORETICAL MODEL,1,2025.25+release.a0cefad01b,06-JAN-26,19191,1999f3f530d027b9d7b9e247fe5d80d95d5c25500ed7b5f24eaeb713f3b6e786,e30cbd3e7208b5d4d6ee9080003f7f0270625ac6,DCarchimonde/ProteinMPNN,28dff152d83623dfb322480413b7dc889f8537a4
pdb_20260105103319_top1_methy_seq_51_result_0090,train,pdb_,Rosetta-2025,nmethyl_data/raw_pdb/pdb_20260105103319_top1_methy_seq_51_result_0090.pdb,THEORETICAL MODEL,1,2025.25+release.a0cefad01b,06-JAN-26,14927,0bf9315db00a9a27c5b2d9432ec49ad48c57c256325fcad99ff2728caaa5cc34,a0984157b4cb036c59c954271faf932e57920345,DCarchimonde/ProteinMPNN,28dff152d83623dfb322480413b7dc889f8537a4
pdb_20260105103319_top1_methy_seq_52_result_0122,train,pdb_,Rosetta-2025,nmethyl_data/raw_pdb/pdb_20260105103319_top1_methy_seq_52_result_0122.pdb,THEORETICAL MODEL,1,2025.25+release.a0cefad01b,07-JAN-26,22471,f3194dfed2d0cd281c40d534228f6e030689f0f233b43d11737488883fd07ddb,8b4aaad4bce13d2fb0f603e841509cf46854cb1f,DCarchimonde/ProteinMPNN,28dff152d83623dfb322480413b7dc889f8537a4
pdb_20260105103319_top1_methy_seq_53_result_0079,train,pdb_,Rosetta-2025,nmethyl_data/raw_pdb/pdb_20260105103319_top1_methy_seq_53_result_0079.pdb,THEORETICAL MODEL,1,2025.25+release.a0cefad01b,07-JAN-26,21323,47afd3fefdee86a0a991e8717d6adbf9539f7ac7e57f7519aec8f7edef9000c6,a4d958b3954455a1e2cede24de638d20c0ceea10,DCarchimonde/ProteinMPNN,28dff152d83623dfb322480413b7dc889f8537a4
pdb_20260105103319_top1_methy_seq_54_result_0412,train,pdb_,Rosetta-2025,nmethyl_data/raw_pdb/pdb_20260105103319_top1_methy_seq_54_result_0412.pdb,THEORETICAL MODEL,1,2025.25+release.a0cefad01b,07-JAN-26,19027,a14b0299a832220a47e56faaff8008ac2a40672075356975ec59f1812045e714,8249414d840d7f11e83fb4e638922d760ac6a7d1,DCarchimonde/ProteinMPNN,28dff152d83623dfb322480413b7dc889f8537a4
pdb_20260105103319_top1_methy_seq_55_result_0450,train,pdb_,Rosetta-2025,nmethyl_data/raw_pdb/pdb_20260105103319_top1_methy_seq_55_result_0450.pdb,THEORETICAL MODEL,1,2025.25+release.a0cefad01b,07-JAN-26,21159,d03675bbda424c394665b1b85b5c6dcbe056a29d7cf89fb566d86a8474e06d7d,d40aa0e73465d4534f44034af48bb7c7d2eafc5d,DCarchimonde/ProteinMPNN,28dff152d83623dfb322480413b7dc889f8537a4
pdb_20260105103319_top1_methy_seq_56_result_0262,train,pdb_,Rosetta-2025,nmethyl_data/raw_pdb/pdb_20260105103319_top1_methy_seq_56_result_0262.pdb,THEORETICAL MODEL,1,2025.25+release.a0cefad01b,07-JAN-26,20421,3272968346b3af3e3c878c3ad5fd090ee51894a0896f98def59a72f731105ea9,d0b5169d87111dc6af196307c43919a53b5d2e5f,DCarchimonde/ProteinMPNN,28dff152d83623dfb322480413b7dc889f8537a4
pdb_20260105103319_top1_methy_seq_57_result_0367,train,pdb_,Rosetta-2025,nmethyl_data/raw_pdb/pdb_20260105103319_top1_methy_seq_57_result_0367.pdb,THEORETICAL MODEL,1,2025.25+release.a0cefad01b,07-JAN-26,16813,6b62c0a26d8d50e673f6af98dfe3958a5867960d7db55779d2a0cd37d669ff97,7d2dee8a9082786d7509b5604eafdc9978e42a95,DCarchimonde/ProteinMPNN,28dff152d83623dfb322480413b7dc889f8537a4
pdb_20260105103319_top1_methy_seq_58_result_0066,train,pdb_,Rosetta-2025,nmethyl_data/raw_pdb/pdb_20260105103319_top1_methy_seq_58_result_0066.pdb,THEORETICAL MODEL,1,2025.25+release.a0cefad01b,07-JAN-26,15993,2d2a83e6d6e21b4fecab9f3df1659dbf23b88eb5654a7cb974cbbd23385d3401,aae136dbc70697ddd951eba6c2a0e048dbd20bc2,DCarchimonde/ProteinMPNN,28dff152d83623dfb322480413b7dc889f8537a4
pdb_20260105103319_top1_methy_seq_59_result_0319,train,pdb_,Rosetta-2025,nmethyl_data/raw_pdb/pdb_20260105103319_top1_methy_seq_59_result_0319.pdb,THEORETICAL MODEL,1,2025.25+release.a0cefad01b,07-JAN-26,22717,0bb56c4991ccbc74f29f6cff8a7f01679611b94271038c3efa45f0a97488d9aa,caa2285befe954bb9ba7015f26f46353c5d6968a,DCarchimonde/ProteinMPNN,28dff152d83623dfb322480413b7dc889f8537a4
pdb_20260105103319_top1_methy_seq_5_result_0078,train,pdb_,Rosetta-2025,nmethyl_data/raw_pdb/pdb_20260105103319_top1_methy_seq_5_result_0078.pdb,THEORETICAL MODEL,1,2025.25+release.a0cefad01b,05-JAN-26,16649,469bec5dbdd851ac2859846db1630d9ca85095a2549d267980184dd6e9b12cf7,547d080215c33292e738f0ab14cc50b5bfb7dc0e,DCarchimonde/ProteinMPNN,28dff152d83623dfb322480413b7dc889f8537a4
pdb_20260105103319_top1_methy_seq_60_result_0357,train,pdb_,Rosetta-2025,nmethyl_data/raw_pdb/pdb_20260105103319_top1_methy_seq_60_result_0357.pdb,THEORETICAL MODEL,1,2025.25+release.a0cefad01b,07-JAN-26,21241,2e20119e2fb5c4bbe7205025ea3336fb9f9086931e1eff1461cac53c033e5b6a,7bde2772b6005359f25423f101bded3c26381bc3,DCarchimonde/ProteinMPNN,28dff152d83623dfb322480413b7dc889f8537a4
pdb_20260105103319_top1_methy_seq_61_result_0187,train,pdb_,Rosetta-2025,nmethyl_data/raw_pdb/pdb_20260105103319_top1_methy_seq_61_result_0187.pdb,THEORETICAL MODEL,1,2025.25+release.a0cefad01b,07-JAN-26,16977,587c81975ce3a1aaee058feaafa2612208205ba302c1267095bd914cac6ef570,8fbc33d1b4231ad015bb21510aba37d1e8445c11,DCarchimonde/ProteinMPNN,28dff152d83623dfb322480413b7dc889f8537a4
pdb_20260105103319_top1_methy_seq_62_result_0451,train,pdb_,Rosetta-2025,nmethyl_data/raw_pdb/pdb_20260105103319_top1_methy_seq_62_result_0451.pdb,THEORETICAL MODEL,1,2025.25+release.a0cefad01b,07-JAN-26,18945,092da81c712ea076f5f7b0780af1a85d1f628146a06607ef33cf13aee0e77dac,ae3d69d0df7550bef2ec9755c9c8c081a6bb821a,DCarchimonde/ProteinMPNN,28dff152d83623dfb322480413b7dc889f8537a4
pdb_20260105103319_top1_methy_seq_63_result_0420,train,pdb_,Rosetta-2025,nmethyl_data/raw_pdb/pdb_20260105103319_top1_methy_seq_63_result_0420.pdb,THEORETICAL MODEL,1,2025.25+release.a0cefad01b,07-JAN-26,25013,d8b23df083b4f98c71007d81618857ccf895c453bda7d1787b2ee24072f0567c,351706c9b6e1a6cd5700c62411fac1c1c422ffca,DCarchimonde/ProteinMPNN,28dff152d83623dfb322480413b7dc889f8537a4
pdb_20260105103319_top1_methy_seq_64_result_0255,train,pdb_,Rosetta-2025,nmethyl_data/raw_pdb/pdb_20260105103319_top1_methy_seq_64_result_0255.pdb,THEORETICAL MODEL,1,2025.25+release.a0cefad01b,07-JAN-26,18781,aee39aeb82218f21e97a19f3beff3df93c215fbd93f96a8e83a672f9eff8bfa2,329d421f6e919332893cd1a4a1c458c9b79de5b3,DCarchimonde/ProteinMPNN,28dff152d83623dfb322480413b7dc889f8537a4
pdb_20260105103319_top1_methy_seq_65_result_0220,train,pdb_,Rosetta-2025,nmethyl_data/raw_pdb/pdb_20260105103319_top1_methy_seq_65_result_0220.pdb,THEORETICAL MODEL,1,2025.25+release.a0cefad01b,07-JAN-26,23209,fa21d59a39f93f3655ad592beb74cf35acc93b73c36366c7129cc1efa266510d,91e71ca452fed934670f5c9578e44ff66300ca5d,DCarchimonde/ProteinMPNN,28dff152d83623dfb322480413b7dc889f8537a4
pdb_20260105103319_top1_methy_seq_66_result_0346,train,pdb_,Rosetta-2025,nmethyl_data/raw_pdb/pdb_20260105103319_top1_methy_seq_66_result_0346.pdb,THEORETICAL MODEL,1,2025.25+release.a0cefad01b,07-JAN-26,18617,cce12d1db6fc661b4c83e2cb1dcc6d81fa09febd56a9e71bb020575374f6ca94,4f593c8522daa3978990ea5ee76cbc8101037f1c,DCarchimonde/ProteinMPNN,28dff152d83623dfb322480413b7dc889f8537a4
pdb_20260105103319_top1_methy_seq_67_result_0202,test,pdb_,Rosetta-2025,nmethyl_data/raw_pdb/pdb_20260105103319_top1_methy_seq_67_result_0202.pdb,THEORETICAL MODEL,1,2025.25+release.a0cefad01b,07-JAN-26,15337,398f31e502951ac0dd5071eddf0525204a06c7a94eaf06a96dda604760ca7879,c01599f42fd832782600ddd2ccd88d4aac6bc9aa,DCarchimonde/ProteinMPNN,28dff152d83623dfb322480413b7dc889f8537a4
pdb_20260105103319_top1_methy_seq_68_result_0045,train,pdb_,Rosetta-2025,nmethyl_data/raw_pdb/pdb_20260105103319_top1_methy_seq_68_result_0045.pdb,THEORETICAL MODEL,1,2025.25+release.a0cefad01b,07-JAN-26,17633,9fe78a1aeccfd66e5237497ae9d1200fa5eb42122bb386b36cc118f01d6189bb,44e124da6ed53912f18caa63f8abca654cc38c96,DCarchimonde/ProteinMPNN,28dff152d83623dfb322480413b7dc889f8537a4
pdb_20260105103319_top1_methy_seq_69_result_0459,test,pdb_,Rosetta-2025,nmethyl_data/raw_pdb/pdb_20260105103319_top1_methy_seq_69_result_0459.pdb,THEORETICAL MODEL,1,2025.25+release.a0cefad01b,07-JAN-26,19437,d59c0db82f9843303657431d4e8c5f855cb395e056f5695f4f5d3990c14bffb5,c4109861236d326be2b61d10f89cc0e1ba5f0a4d,DCarchimonde/ProteinMPNN,28dff152d83623dfb322480413b7dc889f8537a4
pdb_20260105103319_top1_methy_seq_6_result_0076,train,pdb_,Rosetta-2025,nmethyl_data/raw_pdb/pdb_20260105103319_top1_methy_seq_6_result_0076.pdb,THEORETICAL MODEL,1,2025.25+release.a0cefad01b,05-JAN-26,13861,ccbcbb44dee00f83693dedb18b03173f923550c10525d4fb0105e7d8ad2e3e26,8f9f08cf62365d17aa607e38d0cb8cf984bb4e5c,DCarchimonde/ProteinMPNN,28dff152d83623dfb322480413b7dc889f8537a4
pdb_20260105103319_top1_methy_seq_70_result_0031,train,pdb_,Rosetta-2025,nmethyl_data/raw_pdb/pdb_20260105103319_top1_methy_seq_70_result_0031.pdb,THEORETICAL MODEL,1,2025.25+release.a0cefad01b,07-JAN-26,21733,ce8b580b47c98c1951e5d5363924aa02f9541e35860c72735301b6cad9b328cc,83528cb0a194cd509bd5eb95a738346cebeaf101,DCarchimonde/ProteinMPNN,28dff152d83623dfb322480413b7dc889f8537a4
pdb_20260105103319_top1_methy_seq_71_result_0463,test,pdb_,Rosetta-2025,nmethyl_data/raw_pdb/pdb_20260105103319_top1_methy_seq_71_result_0463.pdb,THEORETICAL MODEL,1,2025.25+release.a0cefad01b,07-JAN-26,15829,e902769bc4cb4cfae343ec278752c6b26a124850c75c2ec3bdf79c0a70149bfb,e33f38155fa95f9f082a21ff73507b46a713727f,DCarchimonde/ProteinMPNN,28dff152d83623dfb322480413b7dc889f8537a4
pdb_20260105103319_top1_methy_seq_72_result_0127,train,pdb_,Rosetta-2025,nmethyl_data/raw_pdb/pdb_20260105103319_top1_methy_seq_72_result_0127.pdb,THEORETICAL MODEL,1,2025.25+release.a0cefad01b,07-JAN-26,20995,c2a1ef3c89003db4affc12b5384fb545155522889197bf5927d78d44f0643049,648e2051c25273831f0be24ec04ea5483a99b386,DCarchimonde/ProteinMPNN,28dff152d83623dfb322480413b7dc889f8537a4
pdb_20260105103319_top1_methy_seq_73_result_0175,train,pdb_,Rosetta-2025,nmethyl_data/raw_pdb/pdb_20260105103319_top1_methy_seq_73_result_0175.pdb,THEORETICAL MODEL,1,2025.25+release.a0cefad01b,07-JAN-26,18207,ab321e11b66da87a6b914e4bcabc00c84c5a2fb0de0bbd1ada67b2bc1d9d5dbb,728f07e41311334708a0f8955f6757f4ceab1573,DCarchimonde/ProteinMPNN,28dff152d83623dfb322480413b7dc889f8537a4
pdb_20260105103319_top1_methy_seq_74_result_0033,train,pdb_,Rosetta-2025,nmethyl_data/raw_pdb/pdb_20260105103319_top1_methy_seq_74_result_0033.pdb,THEORETICAL MODEL,1,2025.25+release.a0cefad01b,07-JAN-26,19355,b14eca91ebc6fa1e6ffbf60923ab4cb774f3cc5d01e32b5423292450e8f204cd,36f5825733df85e44c636b16a9f5eaecc6b3a818,DCarchimonde/ProteinMPNN,28dff152d83623dfb322480413b7dc889f8537a4
pdb_20260105103319_top1_methy_seq_75_result_0221,train,pdb_,Rosetta-2025,nmethyl_data/raw_pdb/pdb_20260105103319_top1_methy_seq_75_result_0221.pdb,THEORETICAL MODEL,1,2025.25+release.a0cefad01b,07-JAN-26,19683,37ea44e873583306716d1ba4db2db6ddaae54dcf0693a8d602d6b4e907ecd8dd,de4460c2f1ab705126fcdf83a673183cb007d75e,DCarchimonde/ProteinMPNN,28dff152d83623dfb322480413b7dc889f8537a4
pdb_20260105103319_top1_methy_seq_76_result_0484,test,pdb_,Rosetta-2025,nmethyl_data/raw_pdb/pdb_20260105103319_top1_methy_seq_76_result_0484.pdb,THEORETICAL MODEL,1,2025.25+release.a0cefad01b,08-JAN-26,25095,fdb5fcfe0e036b25faa0ea02692c5296dc9ecccdc56ad65506405c4b06cf2ddf,e933bfef850e1e15e7ad930153e3faa0a11a0bc4,DCarchimonde/ProteinMPNN,28dff152d83623dfb322480413b7dc889f8537a4
pdb_20260105103319_top1_methy_seq_77_result_0359,train,pdb_,Rosetta-2025,nmethyl_data/raw_pdb/pdb_20260105103319_top1_methy_seq_77_result_0359.pdb,THEORETICAL MODEL,1,2025.25+release.a0cefad01b,08-JAN-26,25751,b56c099e4ab678d5c1950df81bc37e984c6c43ed4a46edd0cd0e941e131b8e8b,ea2d1aa00227b2ae50dbd4d485480321a6b7e0ed,DCarchimonde/ProteinMPNN,28dff152d83623dfb322480413b7dc889f8537a4
pdb_20260105103319_top1_methy_seq_78_result_0466,train,pdb_,Rosetta-2025,nmethyl_data/raw_pdb/pdb_20260105103319_top1_methy_seq_78_result_0466.pdb,THEORETICAL MODEL,1,2025.25+release.a0cefad01b,07-JAN-26,21733,c5c0bc7c6e15a76afba8be7485ca1bc46b2a9b1cfe2f238517a550dcad3c684f,e4fef2a9f39060cd170c25aacf7538564495b432,DCarchimonde/ProteinMPNN,28dff152d83623dfb322480413b7dc889f8537a4
pdb_20260105103319_top1_methy_seq_79_result_0099,test,pdb_,Rosetta-2025,nmethyl_data/raw_pdb/pdb_20260105103319_top1_methy_seq_79_result_0099.pdb,THEORETICAL MODEL,1,2025.25+release.a0cefad01b,08-JAN-26,24439,ddd3c3d7c74cdfc6119263903acdfa91e1b9273c470ca8b1c44ef784c83bd751,e6840fb06addc426c0034b4f9e01491d596483b0,DCarchimonde/ProteinMPNN,28dff152d83623dfb322480413b7dc889f8537a4
pdb_20260105103319_top1_methy_seq_7_result_0003,test,pdb_,Rosetta-2025,nmethyl_data/raw_pdb/pdb_20260105103319_top1_methy_seq_7_result_0003.pdb,THEORETICAL MODEL,1,2025.25+release.a0cefad01b,05-JAN-26,20831,e050a97da6340eb97e0268a623a8651b05dc9869410ffa6aafaf1b77c560b98c,ba315d1862e20ee8ee987644a9ba5d098addaea3,DCarchimonde/ProteinMPNN,28dff152d83623dfb322480413b7dc889f8537a4
pdb_20260105103319_top1_methy_seq_80_result_0077,train,pdb_,Rosetta-2025,nmethyl_data/raw_pdb/pdb_20260105103319_top1_methy_seq_80_result_0077.pdb,THEORETICAL MODEL,1,2025.25+release.a0cefad01b,07-JAN-26,23209,78fb3a64dd3c248994df76f18e63a24662a6c6dd8406d412af63126e04b47493,fb20d2f08dc4a06d5706fe929b94039f52b3c39c,DCarchimonde/ProteinMPNN,28dff152d83623dfb322480413b7dc889f8537a4
pdb_20260105103319_top1_methy_seq_81_result_0198,train,pdb_,Rosetta-2025,nmethyl_data/raw_pdb/pdb_20260105103319_top1_methy_seq_81_result_0198.pdb,THEORETICAL MODEL,1,2025.25+release.a0cefad01b,07-JAN-26,20175,fd154df840972e0990ba2ee7ddd227c5c16f5cc490d6d762eef7b9e5cda46fe9,513374e2c841131db2dc2db5a050c3ea548e4b9d,DCarchimonde/ProteinMPNN,28dff152d83623dfb322480413b7dc889f8537a4
pdb_20260105103319_top1_methy_seq_82_result_0426,train,pdb_,Rosetta-2025,nmethyl_data/raw_pdb/pdb_20260105103319_top1_methy_seq_82_result_0426.pdb,THEORETICAL MODEL,1,2025.25+release.a0cefad01b,09-JAN-26,26489,6a3e8faf8fdd67d665a2b48f9a08b0a6ff33e65619fd581de6628894a921345f,019de735460fb3f5f0b3922f656d687082eb2243,DCarchimonde/ProteinMPNN,28dff152d83623dfb322480413b7dc889f8537a4
pdb_20260105103319_top1_methy_seq_83_result_0457,train,pdb_,Rosetta-2025,nmethyl_data/raw_pdb/pdb_20260105103319_top1_methy_seq_83_result_0457.pdb,THEORETICAL MODEL,1,2025.25+release.a0cefad01b,08-JAN-26,17551,c2bbe1fadca6c2ba228715ebf0b831223ecd5d9ad4bc0888625fa71e7777de0d,de5e2fad6aedc1d77de0c60ff171085c2cd80726,DCarchimonde/ProteinMPNN,28dff152d83623dfb322480413b7dc889f8537a4
pdb_20260105103319_top1_methy_seq_84_result_0290,train,pdb_,Rosetta-2025,nmethyl_data/raw_pdb/pdb_20260105103319_top1_methy_seq_84_result_0290.pdb,THEORETICAL MODEL,1,2025.25+release.a0cefad01b,08-JAN-26,17715,56cafbe6df6e51cfd80492621da667ac5c1140ad9a173055d77e972d4d9e84d2,dc872762e7a7803d29ded39b312454e1ca537688,DCarchimonde/ProteinMPNN,28dff152d83623dfb322480413b7dc889f8537a4
pdb_20260105103319_top1_methy_seq_85_result_0081,train,pdb_,Rosetta-2025,nmethyl_data/raw_pdb/pdb_20260105103319_top1_methy_seq_85_result_0081.pdb,THEORETICAL MODEL,1,2025.25+release.a0cefad01b,08-JAN-26,18617,5010a5e260b53790912fb0e7ec4d0993185e6c276d5646b4e95d96c442ac9464,86be165a147dc65381f3c6dda8701d740df4af41,DCarchimonde/ProteinMPNN,28dff152d83623dfb322480413b7dc889f8537a4
pdb_20260105103319_top1_methy_seq_86_result_0040,train,pdb_,Rosetta-2025,nmethyl_data/raw_pdb/pdb_20260105103319_top1_methy_seq_86_result_0040.pdb,THEORETICAL MODEL,1,2025.25+release.a0cefad01b,08-JAN-26,23537,3c14f6f81ad234249d539f3d93fceff2502131eec41fe3c7fb1ac8cdedaba69c,3411082fb1ee6ed44c26bc59c41d2db1eec3d245,DCarchimonde/ProteinMPNN,28dff152d83623dfb322480413b7dc889f8537a4
pdb_20260105103319_top1_methy_seq_87_result_0015,train,pdb_,Rosetta-2025,nmethyl_data/raw_pdb/pdb_20260105103319_top1_methy_seq_87_result_0015.pdb,THEORETICAL MODEL,1,2025.25+release.a0cefad01b,08-JAN-26,16567,5029656919c0551615ad5c2aa44890bc5dbe849083aa74271b4b4d91ce528324,24bf9486dd6e620975f03b423166a94d8c193f30,DCarchimonde/ProteinMPNN,28dff152d83623dfb322480413b7dc889f8537a4
pdb_20260105103319_top1_methy_seq_88_result_0440,test,pdb_,Rosetta-2025,nmethyl_data/raw_pdb/pdb_20260105103319_top1_methy_seq_88_result_0440.pdb,THEORETICAL MODEL,1,2025.25+release.a0cefad01b,08-JAN-26,21241,446b1ba9d71d6b09f0da4f49dc632ad2501d627a3205f8b3545818f9590d2439,072326f169d34a9b46ea23da7d207e93c5229283,DCarchimonde/ProteinMPNN,28dff152d83623dfb322480413b7dc889f8537a4
pdb_20260105103319_top1_methy_seq_89_result_0043,train,pdb_,Rosetta-2025,nmethyl_data/raw_pdb/pdb_20260105103319_top1_methy_seq_89_result_0043.pdb,THEORETICAL MODEL,1,2025.25+release.a0cefad01b,08-JAN-26,16649,1597b3e1d63ddbd42ea983b1df96670117a690750e67e6f331cdae47b892c44a,7456560adb5987e94c8f4621dec0881f0d3b6fb6,DCarchimonde/ProteinMPNN,28dff152d83623dfb322480413b7dc889f8537a4
pdb_20260105103319_top1_methy_seq_8_result_0259,train,pdb_,Rosetta-2025,nmethyl_data/raw_pdb/pdb_20260105103319_top1_methy_seq_8_result_0259.pdb,THEORETICAL MODEL,1,2025.25+release.a0cefad01b,05-JAN-26,19027,c2316493ab1e19dc457618b91e36526600addfb80f0b123dbdb844e2b8dbe712,fea73dd99256f0033448fff91f20e9409456e1ab,DCarchimonde/ProteinMPNN,28dff152d83623dfb322480413b7dc889f8537a4
pdb_20260105103319_top1_methy_seq_90_result_0201,test,pdb_,Rosetta-2025,nmethyl_data/raw_pdb/pdb_20260105103319_top1_methy_seq_90_result_0201.pdb,THEORETICAL MODEL,1,2025.25+release.a0cefad01b,08-JAN-26,16649,f8c2b6fa38240c754701648bdd55e7b03a4656cb3a605f795c31684f80594520,fda5627326c5e32b4e14a5ace6a6207efc882792,DCarchimonde/ProteinMPNN,28dff152d83623dfb322480413b7dc889f8537a4
pdb_20260105103319_top1_methy_seq_91_result_0376,train,pdb_,Rosetta-2025,nmethyl_data/raw_pdb/pdb_20260105103319_top1_methy_seq_91_result_0376.pdb,THEORETICAL MODEL,1,2025.25+release.a0cefad01b,08-JAN-26,20093,19425ae0d36d19f533400a970f784801ffb40d0093d3857ac3649765d047138e,f66ff226df1109c9102c728f549dda967649a0a9,DCarchimonde/ProteinMPNN,28dff152d83623dfb322480413b7dc889f8537a4
pdb_20260105103319_top1_methy_seq_92_result_0145,test,pdb_,Rosetta-2025,nmethyl_data/raw_pdb/pdb_20260105103319_top1_methy_seq_92_result_0145.pdb,THEORETICAL MODEL,1,2025.25+release.a0cefad01b,08-JAN-26,17961,9c5153a742783e126368ace3e7ea96e9b2a225dea1ed622f012c24b1571cfcd6,b40bafa8a4d131892e52fb5a3d918f06dcea2cca,DCarchimonde/ProteinMPNN,28dff152d83623dfb322480413b7dc889f8537a4
pdb_20260105103319_top1_methy_seq_93_result_0369,test,pdb_,Rosetta-2025,nmethyl_data/raw_pdb/pdb_20260105103319_top1_methy_seq_93_result_0369.pdb,THEORETICAL MODEL,1,2025.25+release.a0cefad01b,08-JAN-26,17551,16ffcaadc3736043e9d96a8c1de38c00d530cc403defda12316e831c116dc67d,133dd3b29d2e5c5588a85c31e94f2739c02333a5,DCarchimonde/ProteinMPNN,28dff152d83623dfb322480413b7dc889f8537a4
pdb_20260105103319_top1_methy_seq_94_result_0340,train,pdb_,Rosetta-2025,nmethyl_data/raw_pdb/pdb_20260105103319_top1_methy_seq_94_result_0340.pdb,THEORETICAL MODEL,1,2025.25+release.a0cefad01b,08-JAN-26,17961,b8194c27360684bab68b53053ae9e7e4d6d10024ddda57611a7cdd96b2f72a45,886fc12e742981ab8dc4656d9fe0b6cad68e8c99,DCarchimonde/ProteinMPNN,28dff152d83623dfb322480413b7dc889f8537a4
pdb_20260105103319_top1_methy_seq_95_result_0481,train,pdb_,Rosetta-2025,nmethyl_data/raw_pdb/pdb_20260105103319_top1_methy_seq_95_result_0481.pdb,THEORETICAL MODEL,1,2025.25+release.a0cefad01b,09-JAN-26,22101,cc17f6e9c0a8eed65beb25d5a03fe5460c784569398933f3ad80f464f4901813,d1494f8af340ad0baab105a8207d98622bfd9470,DCarchimonde/ProteinMPNN,28dff152d83623dfb322480413b7dc889f8537a4
pdb_20260105103319_top1_methy_seq_96_result_0251,train,pdb_,Rosetta-2025,nmethyl_data/raw_pdb/pdb_20260105103319_top1_methy_seq_96_result_0251.pdb,THEORETICAL MODEL,1,2025.25+release.a0cefad01b,08-JAN-26,15255,7bd450e6eedff2065e02ccb45f7201bdd800abcd41605ee864e2b7edbd9edebe,e72aa1aff154ca5a169d174e083a861239ba0795,DCarchimonde/ProteinMPNN,28dff152d83623dfb322480413b7dc889f8537a4
pdb_20260105103319_top1_methy_seq_97_result_0191,test,pdb_,Rosetta-2025,nmethyl_data/raw_pdb/pdb_20260105103319_top1_methy_seq_97_result_0191.pdb,THEORETICAL MODEL,1,2025.25+release.a0cefad01b,08-JAN-26,14681,d670977e67eeb19a91cc8c32717406a79f5a7037828617efd3c177fbc85a92d8,4dd115e70eb34bd6e007ad15aaa16eedbd33bf83,DCarchimonde/ProteinMPNN,28dff152d83623dfb322480413b7dc889f8537a4
pdb_20260105103319_top1_methy_seq_98_result_0306,train,pdb_,Rosetta-2025,nmethyl_data/raw_pdb/pdb_20260105103319_top1_methy_seq_98_result_0306.pdb,THEORETICAL MODEL,1,2025.25+release.a0cefad01b,08-JAN-26,23701,3ae4ea7c7bf353603fd78984a4da0415e9f767d61ce20dcd03835a1b3f2106f6,e4036436bc337bf7606002aa2d97c7f9d3e294c6,DCarchimonde/ProteinMPNN,28dff152d83623dfb322480413b7dc889f8537a4
pdb_20260105103319_top1_methy_seq_99_result_0332,train,pdb_,Rosetta-2025,nmethyl_data/raw_pdb/pdb_20260105103319_top1_methy_seq_99_result_0332.pdb,THEORETICAL MODEL,1,2025.25+release.a0cefad01b,08-JAN-26,21733,12ba67e3faaef07cb681577c2d540ab5d11e03e251cf85ba89075dd7fcb5a1ef,47780ee6aeabc83bec9529874aa5e29858bbf63b,DCarchimonde/ProteinMPNN,28dff152d83623dfb322480413b7dc889f8537a4
pdb_20260105103319_top1_methy_seq_9_result_0238,train,pdb_,Rosetta-2025,nmethyl_data/raw_pdb/pdb_20260105103319_top1_methy_seq_9_result_0238.pdb,THEORETICAL MODEL,1,2025.25+release.a0cefad01b,05-JAN-26,23209,fda349e8a7bc43afd298120a270f8da3d8d7f9392c23613035cb441f4651e364,37cc7f4b62b9a6908f8b4df2526a516982e45962,DCarchimonde/ProteinMPNN,28dff152d83623dfb322480413b7dc889f8537a4
pdb_20260109100303_top1_methy_seq_0_result_0489,test,pdb_,Rosetta-2025,nmethyl_data/raw_pdb/pdb_20260109100303_top1_methy_seq_0_result_0489.pdb,THEORETICAL MODEL,1,2025.25+release.a0cefad01b,10-JAN-26,20667,a099ed3f01c6858117281af0c50d243eb0ef34714f639eede2a9b8182e3a18af,4d6766a39832a113d8e803106ce64cf74e2aad2f,DCarchimonde/ProteinMPNN,28dff152d83623dfb322480413b7dc889f8537a4
pdb_20260109100303_top1_methy_seq_10_result_0537,test,pdb_,Rosetta-2025,nmethyl_data/raw_pdb/pdb_20260109100303_top1_methy_seq_10_result_0537.pdb,THEORETICAL MODEL,1,2025.25+release.a0cefad01b,10-JAN-26,17715,8f53134b754ad608e7e15585f4ba8e8301e8b42384bb0b1de4b3bb04cd583999,efc015a8c21b114309202e9f79c483cc39dcdcbe,DCarchimonde/ProteinMPNN,28dff152d83623dfb322480413b7dc889f8537a4
pdb_20260109100303_top1_methy_seq_11_result_0791,train,pdb_,Rosetta-2025,nmethyl_data/raw_pdb/pdb_20260109100303_top1_methy_seq_11_result_0791.pdb,THEORETICAL MODEL,1,2025.25+release.a0cefad01b,10-JAN-26,21077,a05dcc45bcc99c1dbc8f1eb70ed7d261ec52af478818ca06638fefed7e2af950,90663151ae35d6da62d8fd95e5f75b43071327cc,DCarchimonde/ProteinMPNN,28dff152d83623dfb322480413b7dc889f8537a4
pdb_20260109100303_top1_methy_seq_12_result_0384,train,pdb_,Rosetta-2025,nmethyl_data/raw_pdb/pdb_20260109100303_top1_methy_seq_12_result_0384.pdb,THEORETICAL MODEL,1,2025.25+release.a0cefad01b,09-JAN-26,18535,a26d449f1d7b851df590aa50dcd3defd4fada9ddd3b7016604ac9b368ea03f08,6bf5cbe0ff31c03910884e7a452d2547f354f5b6,DCarchimonde/ProteinMPNN,28dff152d83623dfb322480413b7dc889f8537a4
pdb_20260109100303_top1_methy_seq_13_result_0481,train,pdb_,Rosetta-2025,nmethyl_data/raw_pdb/pdb_20260109100303_top1_methy_seq_13_result_0481.pdb,THEORETICAL MODEL,1,2025.25+release.a0cefad01b,09-JAN-26,11565,aad337ab76ceb25792abcc7aacec224a1b3e954a30b755ae42624b0039602f44,625065d76fd7167b2129e347b573753fc2db4d1f,DCarchimonde/ProteinMPNN,28dff152d83623dfb322480413b7dc889f8537a4
pdb_20260109100303_top1_methy_seq_14_result_0267,train,pdb_,Rosetta-2025,nmethyl_data/raw_pdb/pdb_20260109100303_top1_methy_seq_14_result_0267.pdb,THEORETICAL MODEL,1,2025.25+release.a0cefad01b,10-JAN-26,20266,6ab5669ad521c70b90e14afcea26daf8e6fc854dc3d76b2f5db6d62f1d94883b,9baed391fece9055c1db30186b9a1572d4c3240a,DCarchimonde/ProteinMPNN,28dff152d83623dfb322480413b7dc889f8537a4
pdb_20260109100303_top1_methy_seq_15_result_0617,train,pdb_,Rosetta-2025,nmethyl_data/raw_pdb/pdb_20260109100303_top1_methy_seq_15_result_0617.pdb,THEORETICAL MODEL,1,2025.25+release.a0cefad01b,10-JAN-26,20031,0b274dc22153685141d7754dd1827b072aec07b669e0bd4b05b055df3394276c,82b1a9e9d01f156683189ce40266599757b31622,DCarchimonde/ProteinMPNN,28dff152d83623dfb322480413b7dc889f8537a4
pdb_20260109100303_top1_methy_seq_16_result_0484,train,pdb_,Rosetta-2025,nmethyl_data/raw_pdb/pdb_20260109100303_top1_methy_seq_16_result_0484.pdb,THEORETICAL MODEL,1,2025.25+release.a0cefad01b,11-JAN-26,22143,ce99e9c20f387b3a4a37c091378d9b507a8c5ba3d74aca776829293d8000fec2,79f4de8cabfbbbb3b5f75afad1d18e572b5c2ef6,DCarchimonde/ProteinMPNN,28dff152d83623dfb322480413b7dc889f8537a4
pdb_20260109100303_top1_methy_seq_17_result_0953,train,pdb_,Rosetta-2025,nmethyl_data/raw_pdb/pdb_20260109100303_top1_methy_seq_17_result_0953.pdb,THEORETICAL MODEL,1,2025.25+release.a0cefad01b,10-JAN-26,15501,ef57d73144f2230fcb5bcb107ae5a36be38369061f16ccfedc7f9e95f3a83aea,8b538ae8af65861746a5d55eff873a9cb6208e7b,DCarchimonde/ProteinMPNN,28dff152d83623dfb322480413b7dc889f8537a4
pdb_20260109100303_top1_methy_seq_18_result_0280,train,pdb_,Rosetta-2025,nmethyl_data/raw_pdb/pdb_20260109100303_top1_methy_seq_18_result_0280.pdb,THEORETICAL MODEL,1,2025.25+release.a0cefad01b,10-JAN-26,21086,c006eb4677ac5492087b6b5b97da7a0f854815eb5e396d79744d37cc086403fe,a30ded879f49df59b9b2d9478a1e79354fefafc0,DCarchimonde/ProteinMPNN,28dff152d83623dfb322480413b7dc889f8537a4
pdb_20260109100303_top1_methy_seq_19_result_0122,train,pdb_,Rosetta-2025,nmethyl_data/raw_pdb/pdb_20260109100303_top1_methy_seq_19_result_0122.pdb,THEORETICAL MODEL,1,2025.25+release.a0cefad01b,10-JAN-26,19426,2276ad975a9b44e87db8de93f0b612756df5e3ee9b40a44e53dab343b6644f56,ce1bb70475dec8f31c50b3b0b27e6a45193a4f7a,DCarchimonde/ProteinMPNN,28dff152d83623dfb322480413b7dc889f8537a4
pdb_20260109100303_top1_methy_seq_20_result_0122,test,pdb_,Rosetta-2025,nmethyl_data/raw_pdb/pdb_20260109100303_top1_methy_seq_20_result_0122.pdb,THEORETICAL MODEL,1,2025.25+release.a0cefad01b,11-JAN-26,19191,333964cc3fdb078787aadcba8565b297ea4ae1570a6b8c6ae52062ed3cafd9fe,f335d9d6e9b34a1f3d8eac312e05cbab0982fca0,DCarchimonde/ProteinMPNN,28dff152d83623dfb322480413b7dc889f8537a4
pdb_20260109100303_top1_methy_seq_21_result_0011,test,pdb_,Rosetta-2025,nmethyl_data/raw_pdb/pdb_20260109100303_top1_methy_seq_21_result_0011.pdb,THEORETICAL MODEL,1,2025.25+release.a0cefad01b,10-JAN-26,15337,57c402148805fddb2a109ab01364fd500ba88b3cffd4ebab3c5768cf17009eb9,3adc023206487e7e587e928a700f616b72129475,DCarchimonde/ProteinMPNN,28dff152d83623dfb322480413b7dc889f8537a4
pdb_20260109100303_top1_methy_seq_22_result_0845,test,pdb_,Rosetta-2025,nmethyl_data/raw_pdb/pdb_20260109100303_top1_methy_seq_22_result_0845.pdb,THEORETICAL MODEL,1,2025.25+release.a0cefad01b,10-JAN-26,18699,dd435be667b3f97499f10ec903360ecdcc8e23f69f14ccf32a6a6479b558f02a,f175987ebb79affed586808d9eb1373a2903f7b0,DCarchimonde/ProteinMPNN,28dff152d83623dfb322480413b7dc889f8537a4
pdb_20260109100303_top1_methy_seq_23_result_0870,train,pdb_,Rosetta-2025,nmethyl_data/raw_pdb/pdb_20260109100303_top1_methy_seq_23_result_0870.pdb,THEORETICAL MODEL,1,2025.25+release.a0cefad01b,10-JAN-26,25587,0448f47434a1ccf323e63aafdcb1d41d08c15c98e6698dff2fa4966f648d98e3,7237400b3cf4c417e253183bcd4c1b4c9d5750d4,DCarchimonde/ProteinMPNN,28dff152d83623dfb322480413b7dc889f8537a4
pdb_20260109100303_top1_methy_seq_24_result_0756,train,pdb_,Rosetta-2025,nmethyl_data/raw_pdb/pdb_20260109100303_top1_methy_seq_24_result_0756.pdb,THEORETICAL MODEL,1,2025.25+release.a0cefad01b,10-JAN-26,20585,9d6351c81c97b5eae9018a9adc01ab51ce7f782899ebd17cf71cd4372c68fe75,955ab7c31bd608f20059740b68619b51c6aff3b2,DCarchimonde/ProteinMPNN,28dff152d83623dfb322480413b7dc889f8537a4
pdb_20260109100303_top1_methy_seq_25_result_0579,train,pdb_,Rosetta-2025,nmethyl_data/raw_pdb/pdb_20260109100303_top1_methy_seq_25_result_0579.pdb,THEORETICAL MODEL,1,2025.25+release.a0cefad01b,10-JAN-26,13451,e7dc1be0dd7cbde8473e37233561e70c6c75756ee8cd4354bbbe952ef2c97d7c,4502e075353d063cd0e3275aeb10f0e97848addf,DCarchimonde/ProteinMPNN,28dff152d83623dfb322480413b7dc889f8537a4
pdb_20260109100303_top1_methy_seq_26_result_0932,train,pdb_,Rosetta-2025,nmethyl_data/raw_pdb/pdb_20260109100303_top1_methy_seq_26_result_0932.pdb,THEORETICAL MODEL,1,2025.25+release.a0cefad01b,11-JAN-26,21323,1153217de224870775f2418554d71d5b7da2b5042988f619ddc00e9bd923dd0a,9e86e320f0ecf7c152eedd27b199e1c06812d2f8,DCarchimonde/ProteinMPNN,28dff152d83623dfb322480413b7dc889f8537a4
pdb_20260109100303_top1_methy_seq_27_result_0294,train,pdb_,Rosetta-2025,nmethyl_data/raw_pdb/pdb_20260109100303_top1_methy_seq_27_result_0294.pdb,THEORETICAL MODEL,1,2025.25+release.a0cefad01b,11-JAN-26,25669,b3865cb8d119707edf5220746f8043753c5c210ed72afd5116d0eb81789c080d,efa5537f6db5880921b4e8fffd6767c17c39b0a5,DCarchimonde/ProteinMPNN,28dff152d83623dfb322480413b7dc889f8537a4
pdb_20260109100303_top1_methy_seq_28_result_0753,train,pdb_,Rosetta-2025,nmethyl_data/raw_pdb/pdb_20260109100303_top1_methy_seq_28_result_0753.pdb,THEORETICAL MODEL,1,2025.25+release.a0cefad01b,11-JAN-26,18535,51b5cc844f3108453a598b8d4142721e994a119d32af95cbc55f9d8703a9cdf8,97e53b3f59504052bb59f27d8d5caade4331c9ea,DCarchimonde/ProteinMPNN,28dff152d83623dfb322480413b7dc889f8537a4
pdb_20260109100303_top1_methy_seq_29_result_0372,train,pdb_,Rosetta-2025,nmethyl_data/raw_pdb/pdb_20260109100303_top1_methy_seq_29_result_0372.pdb,THEORETICAL MODEL,1,2025.25+release.a0cefad01b,11-JAN-26,17305,c7f5bdcc7756d8ac65279e3711c6bbd483e2de67450e568bbff6d266f71024ee,61f31e235091c27d584b8de6765b9bbe365210b4,DCarchimonde/ProteinMPNN,28dff152d83623dfb322480413b7dc889f8537a4
pdb_20260109100303_top1_methy_seq_2_result_0942,train,pdb_,Rosetta-2025,nmethyl_data/raw_pdb/pdb_20260109100303_top1_methy_seq_2_result_0942.pdb,THEORETICAL MODEL,1,2025.25+release.a0cefad01b,10-JAN-26,27145,ff1d39549dc9ee82424799d27e5765ded89e0d691ff63064c2e09572ba1f50d2,8c8763f32555afc3591247875fff4724e69e089f,DCarchimonde/ProteinMPNN,28dff152d83623dfb322480413b7dc889f8537a4
pdb_20260109100303_top1_methy_seq_30_result_0935,test,pdb_,Rosetta-2025,nmethyl_data/raw_pdb/pdb_20260109100303_top1_methy_seq_30_result_0935.pdb,THEORETICAL MODEL,1,2025.25+release.a0cefad01b,12-JAN-26,22389,a9dfa6c7090990ae332a888a465e9fa3a2828b4e8696051b9752868eaa057ee2,e55a58de07f0b4f737c2f2f1a25dfd355b89c97f,DCarchimonde/ProteinMPNN,28dff152d83623dfb322480413b7dc889f8537a4
pdb_20260109100303_top1_methy_seq_31_result_0453,test,pdb_,Rosetta-2025,nmethyl_data/raw_pdb/pdb_20260109100303_top1_methy_seq_31_result_0453.pdb,THEORETICAL MODEL,1,2025.25+release.a0cefad01b,11-JAN-26,19570,05dac7cc9c8685b33c902f846663368c3ad6fa87f750f3915c870e33f51701ec,5b0af7cc99b7f666768d06c549ea0be3dd576a1e,DCarchimonde/ProteinMPNN,28dff152d83623dfb322480413b7dc889f8537a4
pdb_20260109100303_top1_methy_seq_32_result_0836,train,pdb_,Rosetta-2025,nmethyl_data/raw_pdb/pdb_20260109100303_top1_methy_seq_32_result_0836.pdb,THEORETICAL MODEL,1,2025.25+release.a0cefad01b,10-JAN-26,17715,cac19ff2c3580fc260cf601102032dc7156c75bfef54cda912e98ad72a683e44,3e351cf6bcc213bf4827e02dfdd19af49dc072aa,DCarchimonde/ProteinMPNN,28dff152d83623dfb322480413b7dc889f8537a4
pdb_20260109100303_top1_methy_seq_33_result_0542,train,pdb_,Rosetta-2025,nmethyl_data/raw_pdb/pdb_20260109100303_top1_methy_seq_33_result_0542.pdb,THEORETICAL MODEL,1,2025.25+release.a0cefad01b,11-JAN-26,22553,9640b07a723e07541bb91665811a4abcf5744809ef4c319e54ef07d589a7b8c8,fa79ea80e57a9b42ddf83175549603f6fd06adab,DCarchimonde/ProteinMPNN,28dff152d83623dfb322480413b7dc889f8537a4
pdb_20260109100303_top1_methy_seq_34_result_0315,train,pdb_,Rosetta-2025,nmethyl_data/raw_pdb/pdb_20260109100303_top1_methy_seq_34_result_0315.pdb,THEORETICAL MODEL,1,2025.25+release.a0cefad01b,12-JAN-26,19180,f374c4287021d99d126996bce6072ef62224a988228f78252a9f1a0dae4d1b58,fee5419d0e7f6cd65342f073be124de8770ac9d0,DCarchimonde/ProteinMPNN,28dff152d83623dfb322480413b7dc889f8537a4
pdb_20260109100303_top1_methy_seq_35_result_0557,train,pdb_,Rosetta-2025,nmethyl_data/raw_pdb/pdb_20260109100303_top1_methy_seq_35_result_0557.pdb,THEORETICAL MODEL,1,2025.25+release.a0cefad01b,11-JAN-26,19437,883bf041d7d1c99f1b3b84e1ab66ea6df6685fa6c4e0f88bf26910e3e39e53ea,0784e2c456575dfc5e495c2517bfe52f03c57fbd,DCarchimonde/ProteinMPNN,28dff152d83623dfb322480413b7dc889f8537a4
pdb_20260109100303_top1_methy_seq_36_result_0545,train,pdb_,Rosetta-2025,nmethyl_data/raw_pdb/pdb_20260109100303_top1_methy_seq_36_result_0545.pdb,THEORETICAL MODEL,1,2025.25+release.a0cefad01b,11-JAN-26,15993,4aa53cb9cd4838812468d21bec3582754ba1c5ad8d60ebf34a7b9ee9e2ca985c,eeb2efde8297a63b148ec7864a58be0e5d780efb,DCarchimonde/ProteinMPNN,28dff152d83623dfb322480413b7dc889f8537a4
pdb_20260109100303_top1_methy_seq_37_result_0724,train,pdb_,Rosetta-2025,nmethyl_data/raw_pdb/pdb_20260109100303_top1_methy_seq_37_result_0724.pdb,THEORETICAL MODEL,1,2025.25+release.a0cefad01b,11-JAN-26,19683,21253a779484105344d5e4482c658c0c9b6d83f50551a3b362fb0d8cb57862f6,4b0b21ea5e5534dbe08dbbf6e57feed2c15b9efa,DCarchimonde/ProteinMPNN,28dff152d83623dfb322480413b7dc889f8537a4
pdb_20260109100303_top1_methy_seq_38_result_0874,test,pdb_,Rosetta-2025,nmethyl_data/raw_pdb/pdb_20260109100303_top1_methy_seq_38_result_0874.pdb,THEORETICAL MODEL,1,2025.25+release.a0cefad01b,11-JAN-26,17469,26077d155c43f64d900a54216a7bb8bd59ebcefe7de45fc25b0d06a3d55755ca,732176c7d78b82401da11ce7595d879be611fbbc,DCarchimonde/ProteinMPNN,28dff152d83623dfb322480413b7dc889f8537a4
pdb_20260109100303_top1_methy_seq_39_result_0872,train,pdb_,Rosetta-2025,nmethyl_data/raw_pdb/pdb_20260109100303_top1_methy_seq_39_result_0872.pdb,THEORETICAL MODEL,1,2025.25+release.a0cefad01b,11-JAN-26,14681,3ee36d4f9fe4d1cc09a961246a3b962f90dd1a5fc34d4594f28005388cfd672d,8b6ce24d1f9613b2641edaa2c03bf37571b69de9,DCarchimonde/ProteinMPNN,28dff152d83623dfb322480413b7dc889f8537a4
pdb_20260109100303_top1_methy_seq_3_result_0984,train,pdb_,Rosetta-2025,nmethyl_data/raw_pdb/pdb_20260109100303_top1_methy_seq_3_result_0984.pdb,THEORETICAL MODEL,1,2025.25+release.a0cefad01b,09-JAN-26,18340,2d17b9b5c76c2a00a7e03233ab768b5c993577140f2e46ce34f623b4b861567f,75e4ad8eb4caf4176bdc12ccdc5495e970715f84,DCarchimonde/ProteinMPNN,28dff152d83623dfb322480413b7dc889f8537a4
pdb_20260109100303_top1_methy_seq_40_result_0893,test,pdb_,Rosetta-2025,nmethyl_data/raw_pdb/pdb_20260109100303_top1_methy_seq_40_result_0893.pdb,THEORETICAL MODEL,1,2025.25+release.a0cefad01b,12-JAN-26,18719,faa11e3a088d51ba593f1b2be637b35ac7a655cb83ce7153963adbd079fbbe4e,6ce7dd2f790c1dc643409be14961463e2c0b581e,DCarchimonde/ProteinMPNN,28dff152d83623dfb322480413b7dc889f8537a4
pdb_20260109100303_top1_methy_seq_41_result_0657,train,pdb_,Rosetta-2025,nmethyl_data/raw_pdb/pdb_20260109100303_top1_methy_seq_41_result_0657.pdb,THEORETICAL MODEL,1,2025.25+release.a0cefad01b,11-JAN-26,18371,9133e94c0030fb0d1238a6c53c21056a0d59f018acf88c35fdd7ad1267180504,65bce6bfd3a4e05883731e1d7ff5c4241ee5da4f,DCarchimonde/ProteinMPNN,28dff152d83623dfb322480413b7dc889f8537a4
pdb_20260109100303_top1_methy_seq_42_result_1000,test,pdb_,Rosetta-2025,nmethyl_data/raw_pdb/pdb_20260109100303_top1_methy_seq_42_result_1000.pdb,THEORETICAL MODEL,1,2025.25+release.a0cefad01b,12-JAN-26,22389,3b0c2e4d90debe5e381444cf0450b99a6b4df486a037d5721d9d82acafd85799,93c9d64b876ebe93a3b15fab482084d9ee417def,DCarchimonde/ProteinMPNN,28dff152d83623dfb322480413b7dc889f8537a4
pdb_20260109100303_top1_methy_seq_43_result_0554,train,pdb_,Rosetta-2025,nmethyl_data/raw_pdb/pdb_20260109100303_top1_methy_seq_43_result_0554.pdb,THEORETICAL MODEL,1,2025.25+release.a0cefad01b,11-JAN-26,22307,0d47a6d0a92808e801242195c59b7d08719d3800f57fe2527d6f097b14c5cc3b,1c80cc436901f69152b40639904c73f45549127e,DCarchimonde/ProteinMPNN,28dff152d83623dfb322480413b7dc889f8537a4
pdb_20260109100303_top1_methy_seq_44_result_0131,train,pdb_,Rosetta-2025,nmethyl_data/raw_pdb/pdb_20260109100303_top1_methy_seq_44_result_0131.pdb,THEORETICAL MODEL,1,2025.25+release.a0cefad01b,11-JAN-26,17141,85bd6a4b79e3fb7782418b03066f183df860d6ff88eadbd9dbfd976f081943d7,5f145ce419fc28fceb935484b52b53a74537ff51,DCarchimonde/ProteinMPNN,28dff152d83623dfb322480413b7dc889f8537a4
pdb_20260109100303_top1_methy_seq_45_result_1000,train,pdb_,Rosetta-2025,nmethyl_data/raw_pdb/pdb_20260109100303_top1_methy_seq_45_result_1000.pdb,THEORETICAL MODEL,1,2025.25+release.a0cefad01b,11-JAN-26,18032,fb85067e4bf9202607040304c374d4dc76bf0f65f2fe2d7838ed7d2073213bee,5ea90dfdad74dfc64261d3d6d5bc3295b467e498,DCarchimonde/ProteinMPNN,28dff152d83623dfb322480413b7dc889f8537a4
pdb_20260109100303_top1_methy_seq_46_result_0683,train,pdb_,Rosetta-2025,nmethyl_data/raw_pdb/pdb_20260109100303_top1_methy_seq_46_result_0683.pdb,THEORETICAL MODEL,1,2025.25+release.a0cefad01b,11-JAN-26,24193,dad4f78684326c76da933b2414ab9822d5505d62c0c28cdaa82b0da891c4dce8,81e4390f14baed3c93952a846189f18fe96c4d22,DCarchimonde/ProteinMPNN,28dff152d83623dfb322480413b7dc889f8537a4
pdb_20260109100303_top1_methy_seq_47_result_0555,train,pdb_,Rosetta-2025,nmethyl_data/raw_pdb/pdb_20260109100303_top1_methy_seq_47_result_0555.pdb,THEORETICAL MODEL,1,2025.25+release.a0cefad01b,12-JAN-26,16731,047b13b4d18f6ddcfde7206d020db5adf80a42370ec5b1207cefe4f3a7c4bfbf,c72eebb17544089103149c585cb7cf95d2572f17,DCarchimonde/ProteinMPNN,28dff152d83623dfb322480413b7dc889f8537a4
pdb_20260109100303_top1_methy_seq_48_result_0480,train,pdb_,Rosetta-2025,nmethyl_data/raw_pdb/pdb_20260109100303_top1_methy_seq_48_result_0480.pdb,THEORETICAL MODEL,1,2025.25+release.a0cefad01b,12-JAN-26,17653,12258c42e9a2b0c88ec32461fd1877b504f7a5f010d1d373c8b4100ca34934cf,6c475d9e2891d77102706d4c75a6e4678e5a41a2,DCarchimonde/ProteinMPNN,28dff152d83623dfb322480413b7dc889f8537a4
pdb_20260109100303_top1_methy_seq_49_result_0069,train,pdb_,Rosetta-2025,nmethyl_data/raw_pdb/pdb_20260109100303_top1_methy_seq_49_result_0069.pdb,THEORETICAL MODEL,1,2025.25+release.a0cefad01b,13-JAN-26,22881,309c3c0eb3509d3405cbf6e0df7c53ae8a921af52570a24b76bfdfa42dcfbcb0,7764fb5f2f4ff2e1558987ced3c6b267ed3a37a9,DCarchimonde/ProteinMPNN,28dff152d83623dfb322480413b7dc889f8537a4
pdb_20260109100303_top1_methy_seq_4_result_0024,train,pdb_,Rosetta-2025,nmethyl_data/raw_pdb/pdb_20260109100303_top1_methy_seq_4_result_0024.pdb,THEORETICAL MODEL,1,2025.25+release.a0cefad01b,09-JAN-26,17305,8bb77982e6a20f18aadbd352273dcf29613b0c476a7f88a97bd1996801f22b32,5540cd176402e5a91b0b7f2adc0d1a968eed2653,DCarchimonde/ProteinMPNN,28dff152d83623dfb322480413b7dc889f8537a4
pdb_20260109100303_top1_methy_seq_50_result_0370,train,pdb_,Rosetta-2025,nmethyl_data/raw_pdb/pdb_20260109100303_top1_methy_seq_50_result_0370.pdb,THEORETICAL MODEL,1,2025.25+release.a0cefad01b,12-JAN-26,19519,c6c3c7cf84fcfc45d35c95826382e335664534f4938c1cbf5f24c0a365ef1501,8cc172e855a7225a58c824a3e26fba9eb290b978,DCarchimonde/ProteinMPNN,28dff152d83623dfb322480413b7dc889f8537a4
pdb_20260109100303_top1_methy_seq_51_result_0616,train,pdb_,Rosetta-2025,nmethyl_data/raw_pdb/pdb_20260109100303_top1_methy_seq_51_result_0616.pdb,THEORETICAL MODEL,1,2025.25+release.a0cefad01b,12-JAN-26,16895,fc18e7f30e6c65a12cd6b4d422682711606e821b82192bcb31c244bdd2a6e642,aaf75591e9f22654380c66819b7d9e3992a11d06,DCarchimonde/ProteinMPNN,28dff152d83623dfb322480413b7dc889f8537a4
pdb_20260109100303_top1_methy_seq_52_result_0946,train,pdb_,Rosetta-2025,nmethyl_data/raw_pdb/pdb_20260109100303_top1_methy_seq_52_result_0946.pdb,THEORETICAL MODEL,1,2025.25+release.a0cefad01b,12-JAN-26,21569,323033c8a863e6960fc28b82e60ad16a6a50068345801225eb37c40fd3ca23c1,335b5af34fc71bf7372560fb1fe6e0f3d6983ab6,DCarchimonde/ProteinMPNN,28dff152d83623dfb322480413b7dc889f8537a4
pdb_20260109100303_top1_methy_seq_53_result_0617,train,pdb_,Rosetta-2025,nmethyl_data/raw_pdb/pdb_20260109100303_top1_methy_seq_53_result_0617.pdb,THEORETICAL MODEL,1,2025.25+release.a0cefad01b,12-JAN-26,16075,2140c18a4e1e0bbdefca6ed040c04e6c2a3b236cd5e759d03bfee1dc0df3f894,9c557eb9154f5c4339e10f3e836d6b72965ffe5b,DCarchimonde/ProteinMPNN,28dff152d83623dfb322480413b7dc889f8537a4
pdb_20260109100303_top1_methy_seq_54_result_0310,train,pdb_,Rosetta-2025,nmethyl_data/raw_pdb/pdb_20260109100303_top1_methy_seq_54_result_0310.pdb,THEORETICAL MODEL,1,2025.25+release.a0cefad01b,12-JAN-26,17797,f7182fe82bfeb3db0b3d9a48054421236bc00f64614e997ecdffe85870619d47,0743855fe3f3984c6239c88b020e5c046ade93c2,DCarchimonde/ProteinMPNN,28dff152d83623dfb322480413b7dc889f8537a4
pdb_20260109100303_top1_methy_seq_55_result_0257,train,pdb_,Rosetta-2025,nmethyl_data/raw_pdb/pdb_20260109100303_top1_methy_seq_55_result_0257.pdb,THEORETICAL MODEL,1,2025.25+release.a0cefad01b,12-JAN-26,17930,e255a89ca42409f5b38ee0fd45aa9e3bb52f9ab1ff336a0d2fd2e202bc414bba,8ee973ddb9c56f152c96e0b7eaf74346b06d1dbb,DCarchimonde/ProteinMPNN,28dff152d83623dfb322480413b7dc889f8537a4
pdb_20260109100303_top1_methy_seq_56_result_0902,test,pdb_,Rosetta-2025,nmethyl_data/raw_pdb/pdb_20260109100303_top1_methy_seq_56_result_0902.pdb,THEORETICAL MODEL,1,2025.25+release.a0cefad01b,12-JAN-26,25259,2b3853612592a1e04b57f1c4c442c343545a20540923e316ee7a779b68787c94,94a8a88272caa1bbc9ff16e3857275117148de04,DCarchimonde/ProteinMPNN,28dff152d83623dfb322480413b7dc889f8537a4
pdb_20260109100303_top1_methy_seq_57_result_0906,train,pdb_,Rosetta-2025,nmethyl_data/raw_pdb/pdb_20260109100303_top1_methy_seq_57_result_0906.pdb,THEORETICAL MODEL,1,2025.25+release.a0cefad01b,12-JAN-26,19519,168d8278c6d88e84b4dbfc06e71ecd4eec4f4570e4496a065456bd85fd7953aa,25eb8e33b39721d2857c15a64e0fbd05272ebad1,DCarchimonde/ProteinMPNN,28dff152d83623dfb322480413b7dc889f8537a4
pdb_20260109100303_top1_methy_seq_58_result_0037,test,pdb_,Rosetta-2025,nmethyl_data/raw_pdb/pdb_20260109100303_top1_methy_seq_58_result_0037.pdb,THEORETICAL MODEL,1,2025.25+release.a0cefad01b,12-JAN-26,20339,3261127843ad59fb8e12fa62832d9ce77f841e1ccd740f15fce5e32adf262b50,5bafce17176bf9ea812844af1177a02d35f6afd2,DCarchimonde/ProteinMPNN,28dff152d83623dfb322480413b7dc889f8537a4
pdb_20260109100303_top1_methy_seq_59_result_0665,train,pdb_,Rosetta-2025,nmethyl_data/raw_pdb/pdb_20260109100303_top1_methy_seq_59_result_0665.pdb,THEORETICAL MODEL,1,2025.25+release.a0cefad01b,13-JAN-26,21241,3e367f1ec8d62d2190a1c55117d92f56fd116399cfb247d2d34736bd2d4a2ead,d21272dd30f4d6692309d7358b840070c99b2995,DCarchimonde/ProteinMPNN,28dff152d83623dfb322480413b7dc889f8537a4
pdb_20260109100303_top1_methy_seq_5_result_0080,train,pdb_,Rosetta-2025,nmethyl_data/raw_pdb/pdb_20260109100303_top1_methy_seq_5_result_0080.pdb,THEORETICAL MODEL,1,2025.25+release.a0cefad01b,09-JAN-26,13389,dffc73b77283c4b1dd88d371155c81e8ab26ff855a65c10097edf8e289fde313,e213df2e898139083d6fa8d243a431fc8771ee1f,DCarchimonde/ProteinMPNN,28dff152d83623dfb322480413b7dc889f8537a4
pdb_20260109100303_top1_methy_seq_60_result_0792,test,pdb_,Rosetta-2025,nmethyl_data/raw_pdb/pdb_20260109100303_top1_methy_seq_60_result_0792.pdb,THEORETICAL MODEL,1,2025.25+release.a0cefad01b,12-JAN-26,15255,018c5d4b50e76a85a2a77b8bbbd5ed8efa8b75504b8eb671a951a568dc8b29c8,3a3f0de0801842c6998a7a9ef7fba9c84036976b,DCarchimonde/ProteinMPNN,28dff152d83623dfb322480413b7dc889f8537a4
pdb_20260109100303_top1_methy_seq_61_result_0157,train,pdb_,Rosetta-2025,nmethyl_data/raw_pdb/pdb_20260109100303_top1_methy_seq_61_result_0157.pdb,THEORETICAL MODEL,1,2025.25+release.a0cefad01b,13-JAN-26,17797,40e3cab195d3b86bfce8f43ef94ce37b770d3a9f8eaa73be5a73d98bc29ffef6,dfcc853e76d6294c7991738d90619cb897c26e43,DCarchimonde/ProteinMPNN,28dff152d83623dfb322480413b7dc889f8537a4
pdb_20260109100303_top1_methy_seq_62_result_0141,train,pdb_,Rosetta-2025,nmethyl_data/raw_pdb/pdb_20260109100303_top1_methy_seq_62_result_0141.pdb,THEORETICAL MODEL,1,2025.25+release.a0cefad01b,12-JAN-26,16075,02774d0c4dc6ec829d9dac21bc02ebb1141c9c062143913942056a8a0106c25d,a395c7c65f484650548e3a16fc4beedc35ef70f2,DCarchimonde/ProteinMPNN,28dff152d83623dfb322480413b7dc889f8537a4
pdb_20260109100303_top1_methy_seq_63_result_0691,train,pdb_,Rosetta-2025,nmethyl_data/raw_pdb/pdb_20260109100303_top1_methy_seq_63_result_0691.pdb,THEORETICAL MODEL,1,2025.25+release.a0cefad01b,13-JAN-26,16177,372131e09b6840ecd60e51974ce5ae7fd17eda70ae2ace3d7f58f627e9c5803e,215e5ad8e0cc4bad9fe0cd330633653d3b5306bb,DCarchimonde/ProteinMPNN,28dff152d83623dfb322480413b7dc889f8537a4
pdb_20260109100303_top1_methy_seq_64_result_0497,train,pdb_,Rosetta-2025,nmethyl_data/raw_pdb/pdb_20260109100303_top1_methy_seq_64_result_0497.pdb,THEORETICAL MODEL,1,2025.25+release.a0cefad01b,13-JAN-26,20995,0ed81c1eecd5d454e903200070fa3b8cda48799e6b3ed19757168a438b9b6d7e,f9b36910f27c08631e3a74dd73b3344d114f3d19,DCarchimonde/ProteinMPNN,28dff152d83623dfb322480413b7dc889f8537a4
pdb_20260109100303_top1_methy_seq_65_result_0204,train,pdb_,Rosetta-2025,nmethyl_data/raw_pdb/pdb_20260109100303_top1_methy_seq_65_result_0204.pdb,THEORETICAL MODEL,1,2025.25+release.a0cefad01b,13-JAN-26,17223,39c1c0343735ff9c1d31fd368ac673fb7d3717a1479faead5f77f90bded6a5b7,98ceb293e1f8764f2564690ce2041ea7ff8f130d,DCarchimonde/ProteinMPNN,28dff152d83623dfb322480413b7dc889f8537a4
pdb_20260109100303_top1_methy_seq_66_result_0252,train,pdb_,Rosetta-2025,nmethyl_data/raw_pdb/pdb_20260109100303_top1_methy_seq_66_result_0252.pdb,THEORETICAL MODEL,1,2025.25+release.a0cefad01b,13-JAN-26,22307,b244bdc0fa1caa4de6f294597770876eca1ba9af884df49e810cdc49c927ed0b,f5426c1210738df30968d2b117a18035dc7cad71,DCarchimonde/ProteinMPNN,28dff152d83623dfb322480413b7dc889f8537a4
pdb_20260109100303_top1_methy_seq_67_result_0473,test,pdb_,Rosetta-2025,nmethyl_data/raw_pdb/pdb_20260109100303_top1_methy_seq_67_result_0473.pdb,THEORETICAL MODEL,1,2025.25+release.a0cefad01b,13-JAN-26,19180,732b64f24652babb8386b757dfe839d157e8efd92781c0bcaee7de2c88f4a8eb,e10f773a3e46f58c0fbfb5d7db8c901a2de1670d,DCarchimonde/ProteinMPNN,28dff152d83623dfb322480413b7dc889f8537a4
pdb_20260109100303_top1_methy_seq_68_result_0480,train,pdb_,Rosetta-2025,nmethyl_data/raw_pdb/pdb_20260109100303_top1_methy_seq_68_result_0480.pdb,THEORETICAL MODEL,1,2025.25+release.a0cefad01b,13-JAN-26,15911,d6ea2910a38cb10c77fae5622a3c22bb75ef0a27f6ebbb4a7d6c28e9939a3721,2b03403c716e10ba04d3338f9c510da877427f6d,DCarchimonde/ProteinMPNN,28dff152d83623dfb322480413b7dc889f8537a4
pdb_20260109100303_top1_methy_seq_69_result_0178,train,pdb_,Rosetta-2025,nmethyl_data/raw_pdb/pdb_20260109100303_top1_methy_seq_69_result_0178.pdb,THEORETICAL MODEL,1,2025.25+release.a0cefad01b,13-JAN-26,18699,f97432a816e554330fc2ba2cad34f90a88b071ac4df2f9d01e744d4ddce82377,e85f73d2c0b3c68cefda4b28efaaa1d67c0677f6,DCarchimonde/ProteinMPNN,28dff152d83623dfb322480413b7dc889f8537a4
pdb_20260109100303_top1_methy_seq_6_result_0470,train,pdb_,Rosetta-2025,nmethyl_data/raw_pdb/pdb_20260109100303_top1_methy_seq_6_result_0470.pdb,THEORETICAL MODEL,1,2025.25+release.a0cefad01b,09-JAN-26,20585,b3eb362a85842c41c9f4b9f96cc3135a14e5cceb94f1544f8bda0ef73ba71e2e,452c7a4a09097a4a7edaa4bcad1dd6c95fecda6c,DCarchimonde/ProteinMPNN,28dff152d83623dfb322480413b7dc889f8537a4
pdb_20260109100303_top1_methy_seq_70_result_0514,train,pdb_,Rosetta-2025,nmethyl_data/raw_pdb/pdb_20260109100303_top1_methy_seq_70_result_0514.pdb,THEORETICAL MODEL,1,2025.25+release.a0cefad01b,13-JAN-26,16321,40402457427bbbd234ba99e5b26ff1249a5ba66bc3654598f417ed580e7428ec,764f485d8dd773d0f2c2bf2bc48ca8687ecfa14d,DCarchimonde/ProteinMPNN,28dff152d83623dfb322480413b7dc889f8537a4
pdb_20260109100303_top1_methy_seq_71_result_0188,train,pdb_,Rosetta-2025,nmethyl_data/raw_pdb/pdb_20260109100303_top1_methy_seq_71_result_0188.pdb,THEORETICAL MODEL,1,2025.25+release.a0cefad01b,13-JAN-26,14978,a9d387c1895c89717780594dfc1c2900b8da9b86b20f17fc09c497af2fd37c3a,ac9d19458cd9468871d54e54dc35f4b1679ee5ca,DCarchimonde/ProteinMPNN,28dff152d83623dfb322480413b7dc889f8537a4
pdb_20260109100303_top1_methy_seq_72_result_0626,test,pdb_,Rosetta-2025,nmethyl_data/raw_pdb/pdb_20260109100303_top1_methy_seq_72_result_0626.pdb,THEORETICAL MODEL,1,2025.25+release.a0cefad01b,13-JAN-26,14025,c1638d068d4ef8954ee72d31e8db5386dcf6049b493f6674eb3a4bb34e1be3d8,39a9a250331d806cdbb0a4d6b0c489f823d82280,DCarchimonde/ProteinMPNN,28dff152d83623dfb322480413b7dc889f8537a4
pdb_20260109100303_top1_methy_seq_73_result_0282,train,pdb_,Rosetta-2025,nmethyl_data/raw_pdb/pdb_20260109100303_top1_methy_seq_73_result_0282.pdb,THEORETICAL MODEL,1,2025.25+release.a0cefad01b,13-JAN-26,14107,67450f1f356238b6cbb7f6623a47d00bef1ce11f4510be27a68d90737a18263e,61ef8f13013668c999ec6910af478fe4e2695628,DCarchimonde/ProteinMPNN,28dff152d83623dfb322480413b7dc889f8537a4
pdb_20260109100303_top1_methy_seq_74_result_0415,train,pdb_,Rosetta-2025,nmethyl_data/raw_pdb/pdb_20260109100303_top1_methy_seq_74_result_0415.pdb,THEORETICAL MODEL,1,2025.25+release.a0cefad01b,13-JAN-26,21241,bb9a9ad03abc8897ca3a4370b07e4411eaf3bc204dd93a5f9eda883c38d28f1c,a014eff0b47796fd10f6d45e4cedca9e53b79578,DCarchimonde/ProteinMPNN,28dff152d83623dfb322480413b7dc889f8537a4
pdb_20260109100303_top1_methy_seq_75_result_0443,test,pdb_,Rosetta-2025,nmethyl_data/raw_pdb/pdb_20260109100303_top1_methy_seq_75_result_0443.pdb,THEORETICAL MODEL,1,2025.25+release.a0cefad01b,13-JAN-26,22307,63dc67ec6c035a9e992e51254f71f9d6c945e9751d39c3569f2e3f12cff51ca9,d1dc6933c3d09c4910f5d4214b26436cb9b3730f,DCarchimonde/ProteinMPNN,28dff152d83623dfb322480413b7dc889f8537a4
pdb_20260109100303_top1_methy_seq_76_result_0502,train,pdb_,Rosetta-2025,nmethyl_data/raw_pdb/pdb_20260109100303_top1_methy_seq_76_result_0502.pdb,THEORETICAL MODEL,1,2025.25+release.a0cefad01b,13-JAN-26,22061,faee9bfedcdcd2d65b606424ae534081105bd200e4c17d7f27981ac79ea9b7a2,37fa848921de4402f1be7a783eb24252724d2d17,DCarchimonde/ProteinMPNN,28dff152d83623dfb322480413b7dc889f8537a4
pdb_20260109100303_top1_methy_seq_77_result_0192,train,pdb_,Rosetta-2025,nmethyl_data/raw_pdb/pdb_20260109100303_top1_methy_seq_77_result_0192.pdb,THEORETICAL MODEL,1,2025.25+release.a0cefad01b,13-JAN-26,19683,bd837ce448d359b31e7024d4d91f00ad407a51b397499ce7460812b1f7f7825e,724f5f2760ec7cc0fa9eb98b124cafa4327af539,DCarchimonde/ProteinMPNN,28dff152d83623dfb322480413b7dc889f8537a4
pdb_20260109100303_top1_methy_seq_78_result_0349,train,pdb_,Rosetta-2025,nmethyl_data/raw_pdb/pdb_20260109100303_top1_methy_seq_78_result_0349.pdb,THEORETICAL MODEL,1,2025.25+release.a0cefad01b,14-JAN-26,19519,cae7e359f7036113273a8761236713b5dc761f2b9f64e60c16df0716cf63d4f4,e52aa171fbd260029e092aa0ddf692947133ceb5,DCarchimonde/ProteinMPNN,28dff152d83623dfb322480413b7dc889f8537a4
pdb_20260109100303_top1_methy_seq_79_result_0348,train,pdb_,Rosetta-2025,nmethyl_data/raw_pdb/pdb_20260109100303_top1_methy_seq_79_result_0348.pdb,THEORETICAL MODEL,1,2025.25+release.a0cefad01b,13-JAN-26,19355,466940068d284062a1f30f198138d57b7c14a29b8020f13a46725cd05eef3fad,cd9551b5da56cb397663074a25f3ae3397b290e3,DCarchimonde/ProteinMPNN,28dff152d83623dfb322480413b7dc889f8537a4
pdb_20260109100303_top1_methy_seq_7_result_0104,train,pdb_,Rosetta-2025,nmethyl_data/raw_pdb/pdb_20260109100303_top1_methy_seq_7_result_0104.pdb,THEORETICAL MODEL,1,2025.25+release.a0cefad01b,09-JAN-26,12795,df8ce5a53de1fa58ae9e47af0f26ae502e6c35f7a6ac1f8b9aa9b80e53f1e844,b9719a4016e3ff637491c0b9b5a4d5923f4d860b,DCarchimonde/ProteinMPNN,28dff152d83623dfb322480413b7dc889f8537a4
pdb_20260109100303_top1_methy_seq_80_result_0609,train,pdb_,Rosetta-2025,nmethyl_data/raw_pdb/pdb_20260109100303_top1_methy_seq_80_result_0609.pdb,THEORETICAL MODEL,1,2025.25+release.a0cefad01b,14-JAN-26,19027,baf677a9cd646221c33a344011d099bc26f505afbd3133b23e92d5d0e998aba7,0d6f34cde421d81e9bee04ef2eacb887d0978aaf,DCarchimonde/ProteinMPNN,28dff152d83623dfb322480413b7dc889f8537a4
pdb_20260109100303_top1_methy_seq_81_result_0671,train,pdb_,Rosetta-2025,nmethyl_data/raw_pdb/pdb_20260109100303_top1_methy_seq_81_result_0671.pdb,THEORETICAL MODEL,1,2025.25+release.a0cefad01b,14-JAN-26,19601,dd2358e7073a9dc2711e28224d144bd166d24f223c1c0c1abd37ab6089c875db,8e9aec66fbdea203bbf8f8963e9dc446e70b0ff7,DCarchimonde/ProteinMPNN,28dff152d83623dfb322480413b7dc889f8537a4
pdb_20260109100303_top1_methy_seq_82_result_0274,train,pdb_,Rosetta-2025,nmethyl_data/raw_pdb/pdb_20260109100303_top1_methy_seq_82_result_0274.pdb,THEORETICAL MODEL,1,2025.25+release.a0cefad01b,13-JAN-26,26653,a4f5aa631669fdbf5fe481f00f60264e86734efb45e96d91314bca25322d63f6,7339c458a9b2f6c94ca0e029e3320e1394144b98,DCarchimonde/ProteinMPNN,28dff152d83623dfb322480413b7dc889f8537a4
pdb_20260109100303_top1_methy_seq_83_result_0325,test,pdb_,Rosetta-2025,nmethyl_data/raw_pdb/pdb_20260109100303_top1_methy_seq_83_result_0325.pdb,THEORETICAL MODEL,1,2025.25+release.a0cefad01b,13-JAN-26,16321,0a92f3e487ffe200d2fa2d418dbb9acbbe28eedb006265a5b343c0d246cf314b,032ba994dbb3d2db400763d62b4c79a574180048,DCarchimonde/ProteinMPNN,28dff152d83623dfb322480413b7dc889f8537a4
pdb_20260109100303_top1_methy_seq_84_result_0212,train,pdb_,Rosetta-2025,nmethyl_data/raw_pdb/pdb_20260109100303_top1_methy_seq_84_result_0212.pdb,THEORETICAL MODEL,1,2025.25+release.a0cefad01b,14-JAN-26,21742,1794657ea5fd71b59ec80f7b638011f1a242e46cb97a7686f1ce73d0c73d4ca1,4cfaaa743b3528114a499f94ca397160460f6819,DCarchimonde/ProteinMPNN,28dff152d83623dfb322480413b7dc889f8537a4
pdb_20260109100303_top1_methy_seq_85_result_0634,train,pdb_,Rosetta-2025,nmethyl_data/raw_pdb/pdb_20260109100303_top1_methy_seq_85_result_0634.pdb,THEORETICAL MODEL,1,2025.25+release.a0cefad01b,14-JAN-26,25166,4f985ddf93dc41c80bfa7697d7573180db435a12f7ce073b2859ba4119ca58db,da201e11e950fd6c50c71b936c4523657648f0b5,DCarchimonde/ProteinMPNN,28dff152d83623dfb322480413b7dc889f8537a4
pdb_20260109100303_top1_methy_seq_86_result_0436,train,pdb_,Rosetta-2025,nmethyl_data/raw_pdb/pdb_20260109100303_top1_methy_seq_86_result_0436.pdb,THEORETICAL MODEL,1,2025.25+release.a0cefad01b,14-JAN-26,20831,90cc4ebfe1906ecf54dbf41797a83b1229744472b33f5af7b1e0428953db8b6e,da3e032df6c2688ceeb465d97d62bf60056f7abd,DCarchimonde/ProteinMPNN,28dff152d83623dfb322480413b7dc889f8537a4
pdb_20260109100303_top1_methy_seq_87_result_0971,train,pdb_,Rosetta-2025,nmethyl_data/raw_pdb/pdb_20260109100303_top1_methy_seq_87_result_0971.pdb,THEORETICAL MODEL,1,2025.25+release.a0cefad01b,15-JAN-26,19765,990db3ad86c6f5e39010c35390b5e74251cb83c497e18ee79570a66970ba5696,2819e8d2957a8bc78ff56dab89b79daa7c426cb8,DCarchimonde/ProteinMPNN,28dff152d83623dfb322480413b7dc889f8537a4
pdb_20260109100303_top1_methy_seq_88_result_0783,train,pdb_,Rosetta-2025,nmethyl_data/raw_pdb/pdb_20260109100303_top1_methy_seq_88_result_0783.pdb,THEORETICAL MODEL,1,2025.25+release.a0cefad01b,14-JAN-26,19929,3864d35304a9f056d906470d0e6d2bd299a87ad4c9d31f8879c6ebed62b04b2b,a3d50c6ddd6d6479de7e212bb630ecec96b2b3e9,DCarchimonde/ProteinMPNN,28dff152d83623dfb322480413b7dc889f8537a4
pdb_20260109100303_top1_methy_seq_89_result_0292,train,pdb_,Rosetta-2025,nmethyl_data/raw_pdb/pdb_20260109100303_top1_methy_seq_89_result_0292.pdb,THEORETICAL MODEL,1,2025.25+release.a0cefad01b,14-JAN-26,17797,370e06444e2d3e9d96f5b82a96b9285a2a29901e857d5a676d2ada7262e66bd6,36acab82af98e128b7a101154b76155676728a73,DCarchimonde/ProteinMPNN,28dff152d83623dfb322480413b7dc889f8537a4
pdb_20260109100303_top1_methy_seq_8_result_0087,train,pdb_,Rosetta-2025,nmethyl_data/raw_pdb/pdb_20260109100303_top1_methy_seq_8_result_0087.pdb,THEORETICAL MODEL,1,2025.25+release.a0cefad01b,09-JAN-26,16895,f76065f363cf6731aa3e58584a281c2e54c2bce53f479fd3b60a357b59613972,65c21766180256e8500568a3724322ef9937b7a4,DCarchimonde/ProteinMPNN,28dff152d83623dfb322480413b7dc889f8537a4
pdb_20260109100303_top1_methy_seq_90_result_0181,test,pdb_,Rosetta-2025,nmethyl_data/raw_pdb/pdb_20260109100303_top1_methy_seq_90_result_0181.pdb,THEORETICAL MODEL,1,2025.25+release.a0cefad01b,14-JAN-26,19519,43cd4b041b752d11f8b70d603a2af7018efdffe4b17a40f3b4f365924fd54c09,53c8ab00e0d7286dad1ca081043a683795328a3b,DCarchimonde/ProteinMPNN,28dff152d83623dfb322480413b7dc889f8537a4
pdb_20260109100303_top1_methy_seq_91_result_0340,train,pdb_,Rosetta-2025,nmethyl_data/raw_pdb/pdb_20260109100303_top1_methy_seq_91_result_0340.pdb,THEORETICAL MODEL,1,2025.25+release.a0cefad01b,14-JAN-26,15173,fae1e1976cd7dcf3faa08571f2be78afd84d5d26a3e040d5d9ae78f58fd010f1,92653c21759d724a311f23279a2205eb5896cbb9,DCarchimonde/ProteinMPNN,28dff152d83623dfb322480413b7dc889f8537a4
pdb_20260109100303_top1_methy_seq_92_result_0415,train,pdb_,Rosetta-2025,nmethyl_data/raw_pdb/pdb_20260109100303_top1_methy_seq_92_result_0415.pdb,THEORETICAL MODEL,1,2025.25+release.a0cefad01b,14-JAN-26,18453,4a4c01573c82a230ce85705b3f596fcbd4ff1549592b8d1c507e067477307324,aced73dab1850e545e8c1846bc22c71ba78d3be8,DCarchimonde/ProteinMPNN,28dff152d83623dfb322480413b7dc889f8537a4
pdb_20260109100303_top1_methy_seq_93_result_0759,test,pdb_,Rosetta-2025,nmethyl_data/raw_pdb/pdb_20260109100303_top1_methy_seq_93_result_0759.pdb,THEORETICAL MODEL,1,2025.25+release.a0cefad01b,14-JAN-26,14271,8cba3cea8f78d313378addcfd255990551e9d2212d0c5303dfd7808e2fccfb8c,c467debc58b3813b7bf0657c3b361d12489d074a,DCarchimonde/ProteinMPNN,28dff152d83623dfb322480413b7dc889f8537a4
pdb_20260109100303_top1_methy_seq_94_result_0464,train,pdb_,Rosetta-2025,nmethyl_data/raw_pdb/pdb_20260109100303_top1_methy_seq_94_result_0464.pdb,THEORETICAL MODEL,1,2025.25+release.a0cefad01b,14-JAN-26,21487,afea0fec6d5e7051f3ec1b92038ad4b9403aa9875c170a4b2d8570317836eb53,6fea69c562d50bdea659f4b191d09117557815a4,DCarchimonde/ProteinMPNN,28dff152d83623dfb322480413b7dc889f8537a4
pdb_20260109100303_top1_methy_seq_95_result_0196,train,pdb_,Rosetta-2025,nmethyl_data/raw_pdb/pdb_20260109100303_top1_methy_seq_95_result_0196.pdb,THEORETICAL MODEL,1,2025.25+release.a0cefad01b,15-JAN-26,23947,f9f9ed03815dcde655e5c1e43df9707b5878cdf5450c012cdcdabb156a8e41cd,ba1d36a73e6a29674eef7364332208c6dcc85cbe,DCarchimonde/ProteinMPNN,28dff152d83623dfb322480413b7dc889f8537a4
pdb_20260109100303_top1_methy_seq_96_result_0715,train,pdb_,Rosetta-2025,nmethyl_data/raw_pdb/pdb_20260109100303_top1_methy_seq_96_result_0715.pdb,THEORETICAL MODEL,1,2025.25+release.a0cefad01b,14-JAN-26,14271,0356718221f77520ee48fa8af81a3cec10ccec28381b20cae8cf633ff097e676,00237a3ea5d0140512a1b58c6b5c994954bfd3ec,DCarchimonde/ProteinMPNN,28dff152d83623dfb322480413b7dc889f8537a4
pdb_20260109100303_top1_methy_seq_97_result_0036,train,pdb_,Rosetta-2025,nmethyl_data/raw_pdb/pdb_20260109100303_top1_methy_seq_97_result_0036.pdb,THEORETICAL MODEL,1,2025.25+release.a0cefad01b,14-JAN-26,16567,9445136f23824d2c948a947834958541dc7035f25b04cc5e98785f46a547304f,6fe69d76855b899288a8d891fea8ba8251c6e284,DCarchimonde/ProteinMPNN,28dff152d83623dfb322480413b7dc889f8537a4
pdb_20260109100303_top1_methy_seq_98_result_0490,test,pdb_,Rosetta-2025,nmethyl_data/raw_pdb/pdb_20260109100303_top1_methy_seq_98_result_0490.pdb,THEORETICAL MODEL,1,2025.25+release.a0cefad01b,14-JAN-26,13994,15daa0d4ce616af9ec4618fa907c35821f4a142aa9cd342a1c2e31fd74b698e8,8c1381336788a374ec470ccb7efdc432bc050104,DCarchimonde/ProteinMPNN,28dff152d83623dfb322480413b7dc889f8537a4
pdb_20260109100303_top1_methy_seq_99_result_0227,train,pdb_,Rosetta-2025,nmethyl_data/raw_pdb/pdb_20260109100303_top1_methy_seq_99_result_0227.pdb,THEORETICAL MODEL,1,2025.25+release.a0cefad01b,15-JAN-26,15747,307bd53c02261af95a6df0aeefbd75e8961f3656e17b80977f549dcc864708bc,bd10af8915cc3ec156bf4a0c3207b2c13f1f98b4,DCarchimonde/ProteinMPNN,28dff152d83623dfb322480413b7dc889f8537a4
pdb_20260109100303_top1_methy_seq_9_result_0787,train,pdb_,Rosetta-2025,nmethyl_data/raw_pdb/pdb_20260109100303_top1_methy_seq_9_result_0787.pdb,THEORETICAL MODEL,1,2025.25+release.a0cefad01b,09-JAN-26,19765,2c6286d832bdc6ca2103738cf15e386f3ec02625e5981825e00dd3b408f792e0,746edcbe4f875f1ac9b7a221a0b9919bf601982a,DCarchimonde/ProteinMPNN,28dff152d83623dfb322480413b7dc889f8537a4
pdb_20260116152215_top1_methy_seq_10_result_0165,train,pdb_,Rosetta-2025,nmethyl_data/raw_pdb/pdb_20260116152215_top1_methy_seq_10_result_0165.pdb,THEORETICAL MODEL,1,2025.25+release.a0cefad01b,16-JAN-26,16813,60e73958f5a677a3c66fac0fb1d6d434f2de302f04ee8fba2fa2e89e3eff1967,612b9577fd4591f721029797b4061ddcee0fdeda,DCarchimonde/ProteinMPNN,28dff152d83623dfb322480413b7dc889f8537a4
pdb_20260116152215_top1_methy_seq_2_result_0063,test,pdb_,Rosetta-2025,nmethyl_data/raw_pdb/pdb_20260116152215_top1_methy_seq_2_result_0063.pdb,THEORETICAL MODEL,1,2025.25+release.a0cefad01b,16-JAN-26,16485,22673a7cb237d4ae531122261712b8aff763c25b192c1f07cb565c0be67fa57e,2628ab2ad7e81bac8295c482b09e4e0017b9a8b2,DCarchimonde/ProteinMPNN,28dff152d83623dfb322480413b7dc889f8537a4
pdb_20260116152215_top1_methy_seq_6_result_0276,train,pdb_,Rosetta-2025,nmethyl_data/raw_pdb/pdb_20260116152215_top1_methy_seq_6_result_0276.pdb,THEORETICAL MODEL,1,2025.25+release.a0cefad01b,16-JAN-26,16638,db97e89ae81c338aa85b056f0fb57fdf5583a3acda4865fa259735778d852708,a078097f9a8bc3969ed51ce988c6315a4e1378aa,DCarchimonde/ProteinMPNN,28dff152d83623dfb322480413b7dc889f8537a4
pdb_20260116152215_top1_methy_seq_9_result_0420,train,pdb_,Rosetta-2025,nmethyl_data/raw_pdb/pdb_20260116152215_top1_methy_seq_9_result_0420.pdb,THEORETICAL MODEL,1,2025.25+release.a0cefad01b,16-JAN-26,20257,306a4a40806b2d5a3bb802216e7e441f8f7a778f749af29697f461d00fe326ba,00bce6078a7a4f68a74db7a7543ee8564d45b5e2,DCarchimonde/ProteinMPNN,28dff152d83623dfb322480413b7dc889f8537a4
pdb_20260117024632_top1_methy_seq_0_result_0478,test,pdb_,Rosetta-2025,nmethyl_data/raw_pdb/pdb_20260117024632_top1_methy_seq_0_result_0478.pdb,THEORETICAL MODEL,1,2025.25+release.a0cefad01b,17-JAN-26,22225,d3cf834131e7bc2a87f0a0d949084f1384f6564adfcd0c2428097677f196bb03,ac3d1342628f63e2f721fa3546e0d878218bea34,DCarchimonde/ProteinMPNN,28dff152d83623dfb322480413b7dc889f8537a4
pdb_20260117024632_top1_methy_seq_10_result_0427,train,pdb_,Rosetta-2025,nmethyl_data/raw_pdb/pdb_20260117024632_top1_methy_seq_10_result_0427.pdb,THEORETICAL MODEL,1,2025.25+release.a0cefad01b,18-JAN-26,24849,182f0280ff4a0af2a03e448d195ac073f83121fb0eb7e8aede0fdfae7f171a81,6fb91b3a1f24d0321b6e7bf97685e71481620f17,DCarchimonde/ProteinMPNN,28dff152d83623dfb322480413b7dc889f8537a4
pdb_20260117024632_top1_methy_seq_11_result_0235,train,pdb_,Rosetta-2025,nmethyl_data/raw_pdb/pdb_20260117024632_top1_methy_seq_11_result_0235.pdb,THEORETICAL MODEL,1,2025.25+release.a0cefad01b,17-JAN-26,19765,d10df002d3ee496356c0e66c6420033f17df3a6632a29a9536b352496d62ee14,745966ef08b3e6588e1217346f0f4334e7f93afe,DCarchimonde/ProteinMPNN,28dff152d83623dfb322480413b7dc889f8537a4
pdb_20260117024632_top1_methy_seq_12_result_0610,train,pdb_,Rosetta-2025,nmethyl_data/raw_pdb/pdb_20260117024632_top1_methy_seq_12_result_0610.pdb,THEORETICAL MODEL,1,2025.25+release.a0cefad01b,17-JAN-26,15747,9843fd0824c77cc2eaaa500a5e6544abc2da612057fb8023a9b17b394c2ec5dc,afc2cfad179d7797b50055a7e7d613aa479148e2,DCarchimonde/ProteinMPNN,28dff152d83623dfb322480413b7dc889f8537a4
pdb_20260117024632_top1_methy_seq_13_result_0194,train,pdb_,Rosetta-2025,nmethyl_data/raw_pdb/pdb_20260117024632_top1_methy_seq_13_result_0194.pdb,THEORETICAL MODEL,1,2025.25+release.a0cefad01b,18-JAN-26,19929,cf94fd8979feee5e131a6f7b52e5e40872d87fd07a5654b9074b0e94cdb448bb,f332d2d7011f3f8cd31aef7ba67831f91f895ea4,DCarchimonde/ProteinMPNN,28dff152d83623dfb322480413b7dc889f8537a4
pdb_20260117024632_top1_methy_seq_14_result_0661,train,pdb_,Rosetta-2025,nmethyl_data/raw_pdb/pdb_20260117024632_top1_methy_seq_14_result_0661.pdb,THEORETICAL MODEL,1,2025.25+release.a0cefad01b,17-JAN-26,19519,c2e30ee3615b6876e776d5e444b0a07b6242a49a81af74bc8bf8b89e3bb94be7,2164ea47bf6b7ab4d3fef1aceff549068aab427f,DCarchimonde/ProteinMPNN,28dff152d83623dfb322480413b7dc889f8537a4
pdb_20260117024632_top1_methy_seq_15_result_0498,train,pdb_,Rosetta-2025,nmethyl_data/raw_pdb/pdb_20260117024632_top1_methy_seq_15_result_0498.pdb,THEORETICAL MODEL,1,2025.25+release.a0cefad01b,18-JAN-26,19355,e51103bef5746c68dc9e2631ecb04c5e99ef3ca2e83fe68a05e740afc271c786,d9ab289a9aaa92e09d479d920d2b2cee57e5ef76,DCarchimonde/ProteinMPNN,28dff152d83623dfb322480413b7dc889f8537a4
pdb_20260117024632_top1_methy_seq_16_result_0049,train,pdb_,Rosetta-2025,nmethyl_data/raw_pdb/pdb_20260117024632_top1_methy_seq_16_result_0049.pdb,THEORETICAL MODEL,1,2025.25+release.a0cefad01b,18-JAN-26,21979,55fea08ca9cc04199432bd6a5e6d2c2420144112bc4986cbedf5ff9d8e165c14,58c0db0ec402b96e917364a19a2511b1390101fc,DCarchimonde/ProteinMPNN,28dff152d83623dfb322480413b7dc889f8537a4
pdb_20260117024632_top1_methy_seq_17_result_0665,train,pdb_,Rosetta-2025,nmethyl_data/raw_pdb/pdb_20260117024632_top1_methy_seq_17_result_0665.pdb,THEORETICAL MODEL,1,2025.25+release.a0cefad01b,18-JAN-26,22061,dbf25d2b91a6bb0b11944997289888dc2076f6b4158ad216d80b5d5a31a06ed4,7ddf54e2afa110d53e93c1edce61cad27c4f30fe,DCarchimonde/ProteinMPNN,28dff152d83623dfb322480413b7dc889f8537a4
pdb_20260117024632_top1_methy_seq_18_result_0788,train,pdb_,Rosetta-2025,nmethyl_data/raw_pdb/pdb_20260117024632_top1_methy_seq_18_result_0788.pdb,THEORETICAL MODEL,1,2025.25+release.a0cefad01b,17-JAN-26,14271,7b6347e9b2eecb2bd29de2d9eebf0b8a7fcbb1ba570a9f33ac4ee657d143f444,98ddfd9e915901bf4fb3d4373061ebc562a65c3f,DCarchimonde/ProteinMPNN,28dff152d83623dfb322480413b7dc889f8537a4
pdb_20260117024632_top1_methy_seq_19_result_0394,train,pdb_,Rosetta-2025,nmethyl_data/raw_pdb/pdb_20260117024632_top1_methy_seq_19_result_0394.pdb,THEORETICAL MODEL,1,2025.25+release.a0cefad01b,18-JAN-26,15665,7b30d99f2ca83247d6ce10fb51442561ea3428c33c89d237852d0851af06d69e,8768ae259dd2bdb87c7efa9fc7f44cb210ec6da9,DCarchimonde/ProteinMPNN,28dff152d83623dfb322480413b7dc889f8537a4
pdb_20260117024632_top1_methy_seq_1_result_0099,train,pdb_,Rosetta-2025,nmethyl_data/raw_pdb/pdb_20260117024632_top1_methy_seq_1_result_0099.pdb,THEORETICAL MODEL,1,2025.25+release.a0cefad01b,17-JAN-26,18617,04173197a53ac356180fdf265316845e1c930d9df1dda3f79b989fd15b2cc010,f4ccb908d0a39fb96d83c5240f1290ac7dd5b71f,DCarchimonde/ProteinMPNN,28dff152d83623dfb322480413b7dc889f8537a4
pdb_20260117024632_top1_methy_seq_20_result_0084,train,pdb_,Rosetta-2025,nmethyl_data/raw_pdb/pdb_20260117024632_top1_methy_seq_20_result_0084.pdb,THEORETICAL MODEL,1,2025.25+release.a0cefad01b,18-JAN-26,20749,f6727a69ba389e08f4fca397d51d00b6770d8eb6c0febbb11c3dbb3d424483d2,b31f64bac237abda4a92573f6f94d794cd842f5f,DCarchimonde/ProteinMPNN,28dff152d83623dfb322480413b7dc889f8537a4
pdb_20260117024632_top1_methy_seq_21_result_0774,train,pdb_,Rosetta-2025,nmethyl_data/raw_pdb/pdb_20260117024632_top1_methy_seq_21_result_0774.pdb,THEORETICAL MODEL,1,2025.25+release.a0cefad01b,18-JAN-26,20831,45d6ea3d383cb5404f6d35f4d76e67fbaabdfb54c2062515e6e59b9e40cbdff9,14e7e3c4c4882e933569698f778acb8cdcad5139,DCarchimonde/ProteinMPNN,28dff152d83623dfb322480413b7dc889f8537a4
pdb_20260117024632_top1_methy_seq_22_result_0342,train,pdb_,Rosetta-2025,nmethyl_data/raw_pdb/pdb_20260117024632_top1_methy_seq_22_result_0342.pdb,THEORETICAL MODEL,1,2025.25+release.a0cefad01b,18-JAN-26,19683,e59f54462334c7eeb534a4d7f62b2e31c87cd06d2813dd8f77015bfe4f312a1d,89483bd81a548fdad92315d42907727d21a975dc,DCarchimonde/ProteinMPNN,28dff152d83623dfb322480413b7dc889f8537a4
pdb_20260117024632_top1_methy_seq_23_result_0171,test,pdb_,Rosetta-2025,nmethyl_data/raw_pdb/pdb_20260117024632_top1_methy_seq_23_result_0171.pdb,THEORETICAL MODEL,1,2025.25+release.a0cefad01b,18-JAN-26,22799,903b88304b3c17e6cd04f6fd732bb1bff1749c53b7e0e8a53df9f2a33f75d9d8,a92f36defd3804ca9754e888c2b1668b35f623a8,DCarchimonde/ProteinMPNN,28dff152d83623dfb322480413b7dc889f8537a4
pdb_20260117024632_top1_methy_seq_24_result_0428,train,pdb_,Rosetta-2025,nmethyl_data/raw_pdb/pdb_20260117024632_top1_methy_seq_24_result_0428.pdb,THEORETICAL MODEL,1,2025.25+release.a0cefad01b,18-JAN-26,16321,edf01fccea3e683e8990c78964047e86fda08bb401f4780764a095f1508e1759,b64812fdc7441cf4ace536e087f21d106e860fe7,DCarchimonde/ProteinMPNN,28dff152d83623dfb322480413b7dc889f8537a4
pdb_20260117024632_top1_methy_seq_25_result_0322,train,pdb_,Rosetta-2025,nmethyl_data/raw_pdb/pdb_20260117024632_top1_methy_seq_25_result_0322.pdb,THEORETICAL MODEL,1,2025.25+release.a0cefad01b,18-JAN-26,12467,be68c69ab1c1445cf2cdb86a994d0ed30da59ce4c9038549c90372cbdeddf4c9,e50c6d2f3a0625cac10958d5d7ef84efaefec9bd,DCarchimonde/ProteinMPNN,28dff152d83623dfb322480413b7dc889f8537a4
pdb_20260117024632_top1_methy_seq_26_result_0305,train,pdb_,Rosetta-2025,nmethyl_data/raw_pdb/pdb_20260117024632_top1_methy_seq_26_result_0305.pdb,THEORETICAL MODEL,1,2025.25+release.a0cefad01b,18-JAN-26,20011,d20a7469e79152cf12e89e48c0b282bfc7118514f75e955d2005f0d25a7caf93,47d8bb8e964f7c553ae64bb16c5b70b1269d95b9,DCarchimonde/ProteinMPNN,28dff152d83623dfb322480413b7dc889f8537a4
pdb_20260117024632_top1_methy_seq_27_result_0395,test,pdb_,Rosetta-2025,nmethyl_data/raw_pdb/pdb_20260117024632_top1_methy_seq_27_result_0395.pdb,THEORETICAL MODEL,1,2025.25+release.a0cefad01b,18-JAN-26,16485,09e6c5ca27edbd923c76484792ae72679d6de52cd322dbfbff95f38a451704aa,9dee807551453ec06073cba36524af110f191bef,DCarchimonde/ProteinMPNN,28dff152d83623dfb322480413b7dc889f8537a4
pdb_20260117024632_top1_methy_seq_29_result_0610,test,pdb_,Rosetta-2025,nmethyl_data/raw_pdb/pdb_20260117024632_top1_methy_seq_29_result_0610.pdb,THEORETICAL MODEL,1,2025.25+release.a0cefad01b,18-JAN-26,21651,8b92773c94afb34f6d0815493a691dda887bba21cd94b58b52228e3977f4dcfc,375d8855f5bc500e0023a4b21849b1986fdee055,DCarchimonde/ProteinMPNN,28dff152d83623dfb322480413b7dc889f8537a4
pdb_20260117024632_top1_methy_seq_2_result_0719,train,pdb_,Rosetta-2025,nmethyl_data/raw_pdb/pdb_20260117024632_top1_methy_seq_2_result_0719.pdb,THEORETICAL MODEL,1,2025.25+release.a0cefad01b,17-JAN-26,17387,94ef4b5e49fe2e8b501a840bca8e71f2a6206f4d57ee0d662bf2553242fb9580,3eb2b9403a0640dcadfc3aa27a4f4f07934da2d0,DCarchimonde/ProteinMPNN,28dff152d83623dfb322480413b7dc889f8537a4
pdb_20260117024632_top1_methy_seq_30_result_0861,test,pdb_,Rosetta-2025,nmethyl_data/raw_pdb/pdb_20260117024632_top1_methy_seq_30_result_0861.pdb,THEORETICAL MODEL,1,2025.25+release.a0cefad01b,18-JAN-26,17879,ac9b006b486b98d25743965d90acdfadb75f3e85e77e5872d1254552c8d0ccb3,12cf186a15e4c2ef0646c97368a8e1cbf8f8c3f3,DCarchimonde/ProteinMPNN,28dff152d83623dfb322480413b7dc889f8537a4
pdb_20260117024632_top1_methy_seq_31_result_0596,train,pdb_,Rosetta-2025,nmethyl_data/raw_pdb/pdb_20260117024632_top1_methy_seq_31_result_0596.pdb,THEORETICAL MODEL,1,2025.25+release.a0cefad01b,19-JAN-26,16567,618007da095a62ba418c2746cd02a772b0d81e4a85085efd65d7ef21fd015c34,2c2dff84d315a5f3ded1f3b5750d22d85f210529,DCarchimonde/ProteinMPNN,28dff152d83623dfb322480413b7dc889f8537a4
pdb_20260117024632_top1_methy_seq_32_result_0016,train,pdb_,Rosetta-2025,nmethyl_data/raw_pdb/pdb_20260117024632_top1_methy_seq_32_result_0016.pdb,THEORETICAL MODEL,1,2025.25+release.a0cefad01b,19-JAN-26,20421,6033bd6e5d6f152bc5d6edfa85e4f97e25405a5e20e921b6b310103fa229db71,9bbbccb07621a6c9e5d22c9719b24b76e828e34e,DCarchimonde/ProteinMPNN,28dff152d83623dfb322480413b7dc889f8537a4
pdb_20260117024632_top1_methy_seq_33_result_0543,test,pdb_,Rosetta-2025,nmethyl_data/raw_pdb/pdb_20260117024632_top1_methy_seq_33_result_0543.pdb,THEORETICAL MODEL,1,2025.25+release.a0cefad01b,19-JAN-26,24521,0e97f199170b8fb85ba35fc68d5bf6cf2b5892eedc7952b04a018b61277c7adb,bb82c9799b846aa4601b80afb0413052dec8529b,DCarchimonde/ProteinMPNN,28dff152d83623dfb322480413b7dc889f8537a4
pdb_20260117024632_top1_methy_seq_34_result_0532,test,pdb_,Rosetta-2025,nmethyl_data/raw_pdb/pdb_20260117024632_top1_methy_seq_34_result_0532.pdb,THEORETICAL MODEL,1,2025.25+release.a0cefad01b,19-JAN-26,18945,8cf49e1ac4e36113e4c6d051e1041ae768cd6ed351b4e65c5716d007a218f581,a9bbd9bc543aea32b47243c38bc8785b19e8c7c0,DCarchimonde/ProteinMPNN,28dff152d83623dfb322480413b7dc889f8537a4
pdb_20260117024632_top1_methy_seq_35_result_0080,train,pdb_,Rosetta-2025,nmethyl_data/raw_pdb/pdb_20260117024632_top1_methy_seq_35_result_0080.pdb,THEORETICAL MODEL,1,2025.25+release.a0cefad01b,19-JAN-26,16239,5df7429cb02f6bc4e0fbea17c8d548c6347ba4306adfae3a52c0acd4f4f37ea8,b1f02be762cab17da6aceae001807124138d4790,DCarchimonde/ProteinMPNN,28dff152d83623dfb322480413b7dc889f8537a4
pdb_20260117024632_top1_methy_seq_36_result_0427,train,pdb_,Rosetta-2025,nmethyl_data/raw_pdb/pdb_20260117024632_top1_methy_seq_36_result_0427.pdb,THEORETICAL MODEL,1,2025.25+release.a0cefad01b,19-JAN-26,22717,62feb3814251595f017178cf05112048a52af8ee34c00cb8ad81ef546e30fc40,f24c2eb7322bb91b6a3afbbd294f992873de98e6,DCarchimonde/ProteinMPNN,28dff152d83623dfb322480413b7dc889f8537a4
pdb_20260117024632_top1_methy_seq_37_result_0137,train,pdb_,Rosetta-2025,nmethyl_data/raw_pdb/pdb_20260117024632_top1_methy_seq_37_result_0137.pdb,THEORETICAL MODEL,1,2025.25+release.a0cefad01b,20-JAN-26,23947,e105d796cd93f5a7ed2422e605ad247e184387f3bce03930c199a29f3712a15c,83d0ae56e2d630e484fde2d260d0106cf5d6b0f6,DCarchimonde/ProteinMPNN,28dff152d83623dfb322480413b7dc889f8537a4
pdb_20260117024632_top1_methy_seq_3_result_0671,train,pdb_,Rosetta-2025,nmethyl_data/raw_pdb/pdb_20260117024632_top1_methy_seq_3_result_0671.pdb,THEORETICAL MODEL,1,2025.25+release.a0cefad01b,17-JAN-26,22471,db57ab9b5d9a9643f1436a58943abae18f415752829b9205982dab54c4f18874,346f2cfb1e90290bb4c361610f6d8eca766ccd22,DCarchimonde/ProteinMPNN,28dff152d83623dfb322480413b7dc889f8537a4
pdb_20260117024632_top1_methy_seq_40_result_0647,train,pdb_,Rosetta-2025,nmethyl_data/raw_pdb/pdb_20260117024632_top1_methy_seq_40_result_0647.pdb,THEORETICAL MODEL,1,2025.25+release.a0cefad01b,19-JAN-26,14353,42d430c3049c90dc181a5e1a667ccd061c34997c1fda70b7493f83e41212e4a1,83628c4b9f65af3a48cb542a139f37f3ffb54cfc,DCarchimonde/ProteinMPNN,28dff152d83623dfb322480413b7dc889f8537a4
pdb_20260117024632_top1_methy_seq_42_result_0551,train,pdb_,Rosetta-2025,nmethyl_data/raw_pdb/pdb_20260117024632_top1_methy_seq_42_result_0551.pdb,THEORETICAL MODEL,1,2025.25+release.a0cefad01b,19-JAN-26,16239,548acc5033bd2b4cac60d5e98e6170d61145b48e381f4e8c17fae132c89d8ac5,a9a262f4ed6d6e99c497978620db8c75d7d03598,DCarchimonde/ProteinMPNN,28dff152d83623dfb322480413b7dc889f8537a4
pdb_20260117024632_top1_methy_seq_43_result_0844,train,pdb_,Rosetta-2025,nmethyl_data/raw_pdb/pdb_20260117024632_top1_methy_seq_43_result_0844.pdb,THEORETICAL MODEL,1,2025.25+release.a0cefad01b,19-JAN-26,15091,0c45e82840cb5356d43accba18326ecd6b0212c608097e3b614be4cdef8bbf4c,12378f155318274d6507094094e55dde2cea45f8,DCarchimonde/ProteinMPNN,28dff152d83623dfb322480413b7dc889f8537a4
pdb_20260117024632_top1_methy_seq_45_result_0817,train,pdb_,Rosetta-2025,nmethyl_data/raw_pdb/pdb_20260117024632_top1_methy_seq_45_result_0817.pdb,THEORETICAL MODEL,1,2025.25+release.a0cefad01b,19-JAN-26,17715,61f78685426ef7ad1a778f02a56dbd5180f5b807bb109d865184dbca70e822ca,caa478ea4ed070b3009138cdefaa074eb66cbaea,DCarchimonde/ProteinMPNN,28dff152d83623dfb322480413b7dc889f8537a4
pdb_20260117024632_top1_methy_seq_47_result_0975,train,pdb_,Rosetta-2025,nmethyl_data/raw_pdb/pdb_20260117024632_top1_methy_seq_47_result_0975.pdb,THEORETICAL MODEL,1,2025.25+release.a0cefad01b,20-JAN-26,22471,b59046d12397e04e612c15b43d3cde9262bec35db3c0f68042ef53fabe80a22e,716587fcb8ff14c5e8bb61fdbc04a50ff77981f7,DCarchimonde/ProteinMPNN,28dff152d83623dfb322480413b7dc889f8537a4
pdb_20260117024632_top1_methy_seq_48_result_0060,train,pdb_,Rosetta-2025,nmethyl_data/raw_pdb/pdb_20260117024632_top1_methy_seq_48_result_0060.pdb,THEORETICAL MODEL,1,2025.25+release.a0cefad01b,19-JAN-26,14189,58007ae5d759c966768a02a95c23fd9146cbb748e5d3f4b5435d612594c722b7,ce99ae1d02d1c35505b89acd14ce755dd9dc3ff0,DCarchimonde/ProteinMPNN,28dff152d83623dfb322480413b7dc889f8537a4
pdb_20260117024632_top1_methy_seq_4_result_0920,train,pdb_,Rosetta-2025,nmethyl_data/raw_pdb/pdb_20260117024632_top1_methy_seq_4_result_0920.pdb,THEORETICAL MODEL,1,2025.25+release.a0cefad01b,17-JAN-26,15829,6bd5cbead744816e4479c28aaa51f8005aa487e4a6ce8cc273f6be2b0e316eb4,05a0f62503036ae1cbded7bedd522315c7040243,DCarchimonde/ProteinMPNN,28dff152d83623dfb322480413b7dc889f8537a4
pdb_20260117024632_top1_methy_seq_50_result_0176,test,pdb_,Rosetta-2025,nmethyl_data/raw_pdb/pdb_20260117024632_top1_methy_seq_50_result_0176.pdb,THEORETICAL MODEL,1,2025.25+release.a0cefad01b,20-JAN-26,17223,f60dacdf5d9f837bd8b8800bfb32ad0412bf954824e32ef854617ff4677e5388,957e8e245f23660cbfc2521fdd2429729b52c57a,DCarchimonde/ProteinMPNN,28dff152d83623dfb322480413b7dc889f8537a4
pdb_20260117024632_top1_methy_seq_5_result_0921,test,pdb_,Rosetta-2025,nmethyl_data/raw_pdb/pdb_20260117024632_top1_methy_seq_5_result_0921.pdb,THEORETICAL MODEL,1,2025.25+release.a0cefad01b,17-JAN-26,17797,1d3b8e3fd2da00772cbd31c854c938753d6b42b8024471c3b82d98c25ecabf53,841210f4799ed66decdb1816e40fb1fa8a098a79,DCarchimonde/ProteinMPNN,28dff152d83623dfb322480413b7dc889f8537a4
pdb_20260117024632_top1_methy_seq_6_result_0484,train,pdb_,Rosetta-2025,nmethyl_data/raw_pdb/pdb_20260117024632_top1_methy_seq_6_result_0484.pdb,THEORETICAL MODEL,1,2025.25+release.a0cefad01b,18-JAN-26,22717,1d28dbb359598e7d023c0cf97eeefa529d0ab32cc7f690d31a3b50ba986d4679,b58a50de6d9f82d7bf1946220015847d9f6a9619,DCarchimonde/ProteinMPNN,28dff152d83623dfb322480413b7dc889f8537a4
pdb_20260117024632_top1_methy_seq_7_result_0036,train,pdb_,Rosetta-2025,nmethyl_data/raw_pdb/pdb_20260117024632_top1_methy_seq_7_result_0036.pdb,THEORETICAL MODEL,1,2025.25+release.a0cefad01b,17-JAN-26,21405,3a971d90adbce07de48c84e7ad55ea42f4f39fb5554e1063ae03063c296fa531,ff67c594d82ae4d60da1d53047ecc3ade60af1dc,DCarchimonde/ProteinMPNN,28dff152d83623dfb322480413b7dc889f8537a4
pdb_20260117024632_top1_methy_seq_8_result_0553,train,pdb_,Rosetta-2025,nmethyl_data/raw_pdb/pdb_20260117024632_top1_methy_seq_8_result_0553.pdb,THEORETICAL MODEL,1,2025.25+release.a0cefad01b,17-JAN-26,17715,1252002f073bcc1a808a99593f44628299762da431075329116a32b75f93c978,f3d3ad3a08561fc09b61e10484abfcf763de94bc,DCarchimonde/ProteinMPNN,28dff152d83623dfb322480413b7dc889f8537a4
pdb_20260117024632_top1_methy_seq_9_result_0244,train,pdb_,Rosetta-2025,nmethyl_data/raw_pdb/pdb_20260117024632_top1_methy_seq_9_result_0244.pdb,THEORETICAL MODEL,1,2025.25+release.a0cefad01b,17-JAN-26,18535,0dfddafc3a2190286d3d01657f1bf96bdc4281b7530bd3bf512310f340354989,bf1c0dff45cb752cfb6517dc78907a02f1259f45,DCarchimonde/ProteinMPNN,28dff152d83623dfb322480413b7dc889f8537a4
pdb_20260121180800_top1_methy_seq_0_result_0512,train,pdb_,Rosetta-2025,nmethyl_data/raw_pdb/pdb_20260121180800_top1_methy_seq_0_result_0512.pdb,THEORETICAL MODEL,1,2025.25+release.a0cefad01b,22-JAN-26,18699,d6888a18e270740ac59f91c8fbaf7c75d7378050335e5c3cd46c71407d8958e3,ce7ef0824ca8302e144f46d0e189f75fbb29eedb,DCarchimonde/ProteinMPNN,28dff152d83623dfb322480413b7dc889f8537a4
pdb_20260121180800_top1_methy_seq_10_result_0805,train,pdb_,Rosetta-2025,nmethyl_data/raw_pdb/pdb_20260121180800_top1_methy_seq_10_result_0805.pdb,THEORETICAL MODEL,1,2025.25+release.a0cefad01b,22-JAN-26,27555,6998490891d34f6b593ceb1b1d77d7b8b382a7c2e1337071a95160460a657ad8,345f58e771f07415d60c1fbb38259d619091ac9e,DCarchimonde/ProteinMPNN,28dff152d83623dfb322480413b7dc889f8537a4
pdb_20260121180800_top1_methy_seq_11_result_0010,train,pdb_,Rosetta-2025,nmethyl_data/raw_pdb/pdb_20260121180800_top1_methy_seq_11_result_0010.pdb,THEORETICAL MODEL,1,2025.25+release.a0cefad01b,23-JAN-26,22471,5a45c77b27fe1d6e8b56370d245759fe9919354c1d797febd090151caeb410b9,109ac84472a49ac82149aaae839b06c846b7c2df,DCarchimonde/ProteinMPNN,28dff152d83623dfb322480413b7dc889f8537a4
pdb_20260121180800_top1_methy_seq_12_result_0010,train,pdb_,Rosetta-2025,nmethyl_data/raw_pdb/pdb_20260121180800_top1_methy_seq_12_result_0010.pdb,THEORETICAL MODEL,1,2025.25+release.a0cefad01b,22-JAN-26,15583,4338c942a0c02c3e3fecc0ee63076183f24c17cf2f0f0a73f7aebdd3c71b8480,dacf709b88daf3bcb66a561266007cc1e5908962,DCarchimonde/ProteinMPNN,28dff152d83623dfb322480413b7dc889f8537a4
pdb_20260121180800_top1_methy_seq_13_result_0414,train,pdb_,Rosetta-2025,nmethyl_data/raw_pdb/pdb_20260121180800_top1_methy_seq_13_result_0414.pdb,THEORETICAL MODEL,1,2025.25+release.a0cefad01b,22-JAN-26,16567,1c3dab258cdfa2cc4e6ba82f1ced0778e2504f73c373400fdfae864d67b75b5a,74c46de392f4138f86fbb4f3f10d194352790c41,DCarchimonde/ProteinMPNN,28dff152d83623dfb322480413b7dc889f8537a4
pdb_20260121180800_top1_methy_seq_14_result_0847,train,pdb_,Rosetta-2025,nmethyl_data/raw_pdb/pdb_20260121180800_top1_methy_seq_14_result_0847.pdb,THEORETICAL MODEL,1,2025.25+release.a0cefad01b,22-JAN-26,21815,1e1fcbbe1ff547a8ec0a1acd515d940aa06aa4cf26a0b4efbbfc257af7230438,bafc7cdc28b5af9edd3f952eedc6e8af0f60beaf,DCarchimonde/ProteinMPNN,28dff152d83623dfb322480413b7dc889f8537a4
pdb_20260121180800_top1_methy_seq_15_result_0586,train,pdb_,Rosetta-2025,nmethyl_data/raw_pdb/pdb_20260121180800_top1_methy_seq_15_result_0586.pdb,THEORETICAL MODEL,1,2025.25+release.a0cefad01b,22-JAN-26,22265,6a1b2b80387e7256486f9dde8916f49fd64a5027cdb1e4939c8051195534a1da,274b9dc1b652ad89441317a21ae1a42afffb6333,DCarchimonde/ProteinMPNN,28dff152d83623dfb322480413b7dc889f8537a4
pdb_20260121180800_top1_methy_seq_16_result_0384,train,pdb_,Rosetta-2025,nmethyl_data/raw_pdb/pdb_20260121180800_top1_methy_seq_16_result_0384.pdb,THEORETICAL MODEL,1,2025.25+release.a0cefad01b,22-JAN-26,14107,4394218bee79c97687d0c17e91411210790d15f57e8ee3448a384e47e3c321f1,60fd2c9f2ef78b9fe46c1ee5309af064ef516ea1,DCarchimonde/ProteinMPNN,28dff152d83623dfb322480413b7dc889f8537a4
pdb_20260121180800_top1_methy_seq_17_result_0016,train,pdb_,Rosetta-2025,nmethyl_data/raw_pdb/pdb_20260121180800_top1_methy_seq_17_result_0016.pdb,THEORETICAL MODEL,1,2025.25+release.a0cefad01b,22-JAN-26,20011,121f7823e2ff2bd7b925c8d337cba87c8a003f52dfacacd51723cd1fbb988a36,645db1e810029690cdcefca26870bbb4622b0dc6,DCarchimonde/ProteinMPNN,28dff152d83623dfb322480413b7dc889f8537a4
pdb_20260121180800_top1_methy_seq_18_result_0567,train,pdb_,Rosetta-2025,nmethyl_data/raw_pdb/pdb_20260121180800_top1_methy_seq_18_result_0567.pdb,THEORETICAL MODEL,1,2025.25+release.a0cefad01b,22-JAN-26,18863,b81c02a3b6b34ba6062cc023c8546b724cd75df2c50ef159aa2c5ad5baebcbc3,018027dc352082b8a537ed42c12ebaec1d9a1971,DCarchimonde/ProteinMPNN,28dff152d83623dfb322480413b7dc889f8537a4
pdb_20260121180800_top1_methy_seq_19_result_0634,train,pdb_,Rosetta-2025,nmethyl_data/raw_pdb/pdb_20260121180800_top1_methy_seq_19_result_0634.pdb,THEORETICAL MODEL,1,2025.25+release.a0cefad01b,22-JAN-26,26079,3320ff13ed28864fe3f7cf2cf780e91e35e1db01304696ebc26a9292e116239f,6817b11514554a56fa77a40d0822ed6ea830a56f,DCarchimonde/ProteinMPNN,28dff152d83623dfb322480413b7dc889f8537a4
pdb_20260121180800_top1_methy_seq_20_result_0563,train,pdb_,Rosetta-2025,nmethyl_data/raw_pdb/pdb_20260121180800_top1_methy_seq_20_result_0563.pdb,THEORETICAL MODEL,1,2025.25+release.a0cefad01b,22-JAN-26,21733,91e98b06351c30bf49e85f2de14523f7d730851aed5ec238c4e1e7dff4606ae9,4e036b7ddc4dfeb3eb09083ac16a85c3f8494422,DCarchimonde/ProteinMPNN,28dff152d83623dfb322480413b7dc889f8537a4
pdb_20260121180800_top1_methy_seq_21_result_0805,train,pdb_,Rosetta-2025,nmethyl_data/raw_pdb/pdb_20260121180800_top1_methy_seq_21_result_0805.pdb,THEORETICAL MODEL,1,2025.25+release.a0cefad01b,22-JAN-26,19355,481cd93b0ab0af118e467e9fd97cf5af53d289c3ca610b095fdc3eb708b50a60,cb5470f6a74c08dfd70d96786d64bf2fa08d0c2d,DCarchimonde/ProteinMPNN,28dff152d83623dfb322480413b7dc889f8537a4
pdb_20260121180800_top1_methy_seq_22_result_0276,train,pdb_,Rosetta-2025,nmethyl_data/raw_pdb/pdb_20260121180800_top1_methy_seq_22_result_0276.pdb,THEORETICAL MODEL,1,2025.25+release.a0cefad01b,22-JAN-26,16567,11ed07c4c84ecc92f91f6d19371bacb51b553a70787d0d3d7f884539eabe306b,61dc67e567d440b12ee52c6d01fa6611bf3e4517,DCarchimonde/ProteinMPNN,28dff152d83623dfb322480413b7dc889f8537a4
pdb_20260121180800_top1_methy_seq_23_result_0787,test,pdb_,Rosetta-2025,nmethyl_data/raw_pdb/pdb_20260121180800_top1_methy_seq_23_result_0787.pdb,THEORETICAL MODEL,1,2025.25+release.a0cefad01b,22-JAN-26,20667,d03d44cf97b43cec5c29b646781586279d47971b4cfdc110dce5cf959f1b973f,132ccdb834b08aaebf8d8b32a1614c42000bf652,DCarchimonde/ProteinMPNN,28dff152d83623dfb322480413b7dc889f8537a4
pdb_20260121180800_top1_methy_seq_24_result_0478,test,pdb_,Rosetta-2025,nmethyl_data/raw_pdb/pdb_20260121180800_top1_methy_seq_24_result_0478.pdb,THEORETICAL MODEL,1,2025.25+release.a0cefad01b,23-JAN-26,21117,065f5b6013ecbf01839f9001a824a65b017188e2d3c61800521f3856422023af,8f7b5b98e41041381e7ed23d178bd4da5d9d551d,DCarchimonde/ProteinMPNN,28dff152d83623dfb322480413b7dc889f8537a4
pdb_20260121180800_top1_methy_seq_25_result_0051,train,pdb_,Rosetta-2025,nmethyl_data/raw_pdb/pdb_20260121180800_top1_methy_seq_25_result_0051.pdb,THEORETICAL MODEL,1,2025.25+release.a0cefad01b,22-JAN-26,19437,6bc9a49e925fef4fd40d9e6bbdb46fa5271e54afe637567125e4b39d58df87c6,5c50bf53b1edd9113ad7c90009619774847121e7,DCarchimonde/ProteinMPNN,28dff152d83623dfb322480413b7dc889f8537a4
pdb_20260121180800_top1_methy_seq_26_result_0379,train,pdb_,Rosetta-2025,nmethyl_data/raw_pdb/pdb_20260121180800_top1_methy_seq_26_result_0379.pdb,THEORETICAL MODEL,1,2025.25+release.a0cefad01b,23-JAN-26,16075,a57fcdfe3948ce3b61f76f4ad988c8d9603ae6ca34a2ed8fc1257772d74f8714,4c47b5721be75d292f2ce5b1ed0faaa04cf04d99,DCarchimonde/ProteinMPNN,28dff152d83623dfb322480413b7dc889f8537a4
pdb_20260121180800_top1_methy_seq_27_result_0103,test,pdb_,Rosetta-2025,nmethyl_data/raw_pdb/pdb_20260121180800_top1_methy_seq_27_result_0103.pdb,THEORETICAL MODEL,1,2025.25+release.a0cefad01b,23-JAN-26,25587,55f0116f362c9ec338f1988ba3254c32c8363bf7bc309fd2c5a20af212564555,9c13398dcedfd5414ccc88a7ae6ec44e9ca165d8,DCarchimonde/ProteinMPNN,28dff152d83623dfb322480413b7dc889f8537a4
pdb_20260121180800_top1_methy_seq_28_result_0554,train,pdb_,Rosetta-2025,nmethyl_data/raw_pdb/pdb_20260121180800_top1_methy_seq_28_result_0554.pdb,THEORETICAL MODEL,1,2025.25+release.a0cefad01b,22-JAN-26,18043,b1a0901c6993ef13799633316f9c353abfbd1f25f0ce02704c5c0aac7f7414b1,c31af40c1bba3bed5109d8930b05eed0d7c67e41,DCarchimonde/ProteinMPNN,28dff152d83623dfb322480413b7dc889f8537a4
pdb_20260121180800_top1_methy_seq_29_result_0335,test,pdb_,Rosetta-2025,nmethyl_data/raw_pdb/pdb_20260121180800_top1_methy_seq_29_result_0335.pdb,THEORETICAL MODEL,1,2025.25+release.a0cefad01b,23-JAN-26,17305,0033f3118118caa609e823d3a67fd046d9da290512af3c5570f9faddf48ad92a,5a2e154ccff3aa2186e03d90aaa18e8830305a28,DCarchimonde/ProteinMPNN,28dff152d83623dfb322480413b7dc889f8537a4
pdb_20260121180800_top1_methy_seq_30_result_0447,train,pdb_,Rosetta-2025,nmethyl_data/raw_pdb/pdb_20260121180800_top1_methy_seq_30_result_0447.pdb,THEORETICAL MODEL,1,2025.25+release.a0cefad01b,23-JAN-26,18207,ec486d8866fecf7af517216dd90e9888db45cee4a64840a504f7f0c566ac38d3,e2eccf6baa330318ab9d3450068a90849c888761,DCarchimonde/ProteinMPNN,28dff152d83623dfb322480413b7dc889f8537a4
pdb_20260121180800_top1_methy_seq_31_result_0388,train,pdb_,Rosetta-2025,nmethyl_data/raw_pdb/pdb_20260121180800_top1_methy_seq_31_result_0388.pdb,THEORETICAL MODEL,1,2025.25+release.a0cefad01b,23-JAN-26,19355,c92c91aa4929c5d417c25cf85e6194d5e6946f7c2f80fb1c9dacc545e33e351c,83a956bdf8f1feecf93f1b20b1d3576f5824a2f7,DCarchimonde/ProteinMPNN,28dff152d83623dfb322480413b7dc889f8537a4
pdb_20260121180800_top1_methy_seq_32_result_0034,train,pdb_,Rosetta-2025,nmethyl_data/raw_pdb/pdb_20260121180800_top1_methy_seq_32_result_0034.pdb,THEORETICAL MODEL,1,2025.25+release.a0cefad01b,23-JAN-26,14322,b0c725428de3a20cc21bc02e085a352fffbcc672fde205a27546641d3c9151d2,218d5307385704a9e546571f9850fca47ea4fa69,DCarchimonde/ProteinMPNN,28dff152d83623dfb322480413b7dc889f8537a4
pdb_20260121180800_top1_methy_seq_33_result_0458,train,pdb_,Rosetta-2025,nmethyl_data/raw_pdb/pdb_20260121180800_top1_methy_seq_33_result_0458.pdb,THEORETICAL MODEL,1,2025.25+release.a0cefad01b,24-JAN-26,24315,1a634fe89d9d7085ba71f685fe146ebe6b89d13eced280a94c3e54d2e395e05b,1c733271e5241b61c9c85ce52674dc819ca1220f,DCarchimonde/ProteinMPNN,28dff152d83623dfb322480413b7dc889f8537a4
pdb_20260121180800_top1_methy_seq_34_result_0526,train,pdb_,Rosetta-2025,nmethyl_data/raw_pdb/pdb_20260121180800_top1_methy_seq_34_result_0526.pdb,THEORETICAL MODEL,1,2025.25+release.a0cefad01b,23-JAN-26,19836,b7be7d6a2f3294bbf1e9c03d5c40f8f48cf549a1988b03e29ef9e0229bc101a0,6fa95961bae23a3a1a26c5a332e8744e7e3d34cb,DCarchimonde/ProteinMPNN,28dff152d83623dfb322480413b7dc889f8537a4
pdb_20260121180800_top1_methy_seq_35_result_0500,train,pdb_,Rosetta-2025,nmethyl_data/raw_pdb/pdb_20260121180800_top1_methy_seq_35_result_0500.pdb,THEORETICAL MODEL,1,2025.25+release.a0cefad01b,23-JAN-26,21569,90cd11a883378e98e05172574ae072c2241de3d7963cf57dc9b91eddae490f88,7d9876a0c65f8210235b30ef74a3c7fc9f936f02,DCarchimonde/ProteinMPNN,28dff152d83623dfb322480413b7dc889f8537a4
pdb_20260121180800_top1_methy_seq_36_result_0143,test,pdb_,Rosetta-2025,nmethyl_data/raw_pdb/pdb_20260121180800_top1_methy_seq_36_result_0143.pdb,THEORETICAL MODEL,1,2025.25+release.a0cefad01b,23-JAN-26,25341,2d70ccd495d159f873e661c0ca51ad8067655f87486c1abf9468c50611e33e8f,af67988cb7d82075852d142186766738415617ed,DCarchimonde/ProteinMPNN,28dff152d83623dfb322480413b7dc889f8537a4
pdb_20260121180800_top1_methy_seq_37_result_0665,train,pdb_,Rosetta-2025,nmethyl_data/raw_pdb/pdb_20260121180800_top1_methy_seq_37_result_0665.pdb,THEORETICAL MODEL,1,2025.25+release.a0cefad01b,23-JAN-26,17633,1a6e467bc451d57e45be3ac180a0d3cc2002ba464628d97a171bf6feb3b4ff68,0f30300564566cd67a8b38d433e0634124991086,DCarchimonde/ProteinMPNN,28dff152d83623dfb322480413b7dc889f8537a4
pdb_20260121180800_top1_methy_seq_38_result_0334,train,pdb_,Rosetta-2025,nmethyl_data/raw_pdb/pdb_20260121180800_top1_methy_seq_38_result_0334.pdb,THEORETICAL MODEL,1,2025.25+release.a0cefad01b,23-JAN-26,20421,007c3fbb543f5e23a5bd8fee38a81efad7b0260f83e3d31f00bd0fe952b62c3f,5009b08adbace3df8b60d50dd6cd94edfc194f78,DCarchimonde/ProteinMPNN,28dff152d83623dfb322480413b7dc889f8537a4
pdb_20260121180800_top1_methy_seq_39_result_0347,test,pdb_,Rosetta-2025,nmethyl_data/raw_pdb/pdb_20260121180800_top1_methy_seq_39_result_0347.pdb,THEORETICAL MODEL,1,2025.25+release.a0cefad01b,24-JAN-26,18125,829be9752242ad619c7db622d296ab2273b2e87ef999c983579406649fe76245,4f49a0ff17a529c79784cc9115e14966fd2a0a7a,DCarchimonde/ProteinMPNN,28dff152d83623dfb322480413b7dc889f8537a4
pdb_20260121180800_top1_methy_seq_3_result_0730,train,pdb_,Rosetta-2025,nmethyl_data/raw_pdb/pdb_20260121180800_top1_methy_seq_3_result_0730.pdb,THEORETICAL MODEL,1,2025.25+release.a0cefad01b,22-JAN-26,21405,7060e92e257f9396b7fee97a83e4f970581ca636a3de681f9d3b0bf7bae0b282,b2ab50d919f265686c25d1daff301c26487c3acb,DCarchimonde/ProteinMPNN,28dff152d83623dfb322480413b7dc889f8537a4
pdb_20260121180800_top1_methy_seq_40_result_0925,train,pdb_,Rosetta-2025,nmethyl_data/raw_pdb/pdb_20260121180800_top1_methy_seq_40_result_0925.pdb,THEORETICAL MODEL,1,2025.25+release.a0cefad01b,23-JAN-26,19703,54973cf8f3ed5d13a0bd86d91488749f9525f40f5d2a666ed759122a910f1d9f,14a4a29b716c617ce6cf7186fac14f8a1922ff22,DCarchimonde/ProteinMPNN,28dff152d83623dfb322480413b7dc889f8537a4
pdb_20260121180800_top1_methy_seq_41_result_0582,train,pdb_,Rosetta-2025,nmethyl_data/raw_pdb/pdb_20260121180800_top1_methy_seq_41_result_0582.pdb,THEORETICAL MODEL,1,2025.25+release.a0cefad01b,24-JAN-26,20585,fe5b3be363fcc40cd97a1a9d17fbe9f8590d80de98eba36a663ab548f6f8858b,75e8b98e4c6e3a1cc09244a93fa9aa078573c65f,DCarchimonde/ProteinMPNN,28dff152d83623dfb322480413b7dc889f8537a4
pdb_20260121180800_top1_methy_seq_42_result_0023,train,pdb_,Rosetta-2025,nmethyl_data/raw_pdb/pdb_20260121180800_top1_methy_seq_42_result_0023.pdb,THEORETICAL MODEL,1,2025.25+release.a0cefad01b,24-JAN-26,21651,17cc8b917a5d25d9252ed4c7cae887bf0b2b87b60aa985889c5d7d0d6aeb116b,e029da82c8eece4632315daddd9e7108f8c8ffff,DCarchimonde/ProteinMPNN,28dff152d83623dfb322480413b7dc889f8537a4
pdb_20260121180800_top1_methy_seq_43_result_0569,train,pdb_,Rosetta-2025,nmethyl_data/raw_pdb/pdb_20260121180800_top1_methy_seq_43_result_0569.pdb,THEORETICAL MODEL,1,2025.25+release.a0cefad01b,24-JAN-26,22881,f51e6554e65172641c38dcb8d9337d6841640f6f1858857c4ea1b344f8393429,0e2fc5a881897ff115dc85886a4de5224347c061,DCarchimonde/ProteinMPNN,28dff152d83623dfb322480413b7dc889f8537a4
pdb_20260121180800_top1_methy_seq_44_result_0864,train,pdb_,Rosetta-2025,nmethyl_data/raw_pdb/pdb_20260121180800_top1_methy_seq_44_result_0864.pdb,THEORETICAL MODEL,1,2025.25+release.a0cefad01b,24-JAN-26,14947,8daeb627b9352ba7a21021e2651f36388963bd169dfc509f66c1bceab89566b5,d134a659d43cec8ae831b84b346c90c3f01eb44d,DCarchimonde/ProteinMPNN,28dff152d83623dfb322480413b7dc889f8537a4
pdb_20260121180800_top1_methy_seq_45_result_0312,train,pdb_,Rosetta-2025,nmethyl_data/raw_pdb/pdb_20260121180800_top1_methy_seq_45_result_0312.pdb,THEORETICAL MODEL,1,2025.25+release.a0cefad01b,24-JAN-26,19437,b3dd7ce5c10f91912dec85a35c5dd72b031ead40b3653aee44b80acba238bade,821c19cadc6125f231e975689558ea94d9908c84,DCarchimonde/ProteinMPNN,28dff152d83623dfb322480413b7dc889f8537a4
pdb_20260121180800_top1_methy_seq_46_result_0479,train,pdb_,Rosetta-2025,nmethyl_data/raw_pdb/pdb_20260121180800_top1_methy_seq_46_result_0479.pdb,THEORETICAL MODEL,1,2025.25+release.a0cefad01b,24-JAN-26,19324,01f91a27f8b7083f2989fbd0ba368c629ae6032920f46ae87f0577ea21549019,916fe05b955bdfac2aa43a159aeecdd466813d84,DCarchimonde/ProteinMPNN,28dff152d83623dfb322480413b7dc889f8537a4
pdb_20260121180800_top1_methy_seq_47_result_0755,train,pdb_,Rosetta-2025,nmethyl_data/raw_pdb/pdb_20260121180800_top1_methy_seq_47_result_0755.pdb,THEORETICAL MODEL,1,2025.25+release.a0cefad01b,24-JAN-26,21722,bdc65c39dc0e2377fbd6e146d1cc15953ef09b27ce5b67da2fe4163cbdcdb688,c38a2a6a99cbf03969c235c6c33ce3fbbd655848,DCarchimonde/ProteinMPNN,28dff152d83623dfb322480413b7dc889f8537a4
pdb_20260121180800_top1_methy_seq_48_result_0288,test,pdb_,Rosetta-2025,nmethyl_data/raw_pdb/pdb_20260121180800_top1_methy_seq_48_result_0288.pdb,THEORETICAL MODEL,1,2025.25+release.a0cefad01b,24-JAN-26,18863,131679481b5c5d196e51dbfd4454f0472f9b8d21bb2851a087c973b72911c1f6,600b774ec76bbe04558006b889875aab201f354a,DCarchimonde/ProteinMPNN,28dff152d83623dfb322480413b7dc889f8537a4
pdb_20260121180800_top1_methy_seq_49_result_0634,train,pdb_,Rosetta-2025,nmethyl_data/raw_pdb/pdb_20260121180800_top1_methy_seq_49_result_0634.pdb,THEORETICAL MODEL,1,2025.25+release.a0cefad01b,24-JAN-26,24776,22ed46dbc9b25ebbbbfd1edab5e13054e2dfe5ef7fb56ca677b843fed0e848e6,64f32554dc18b1376993a849c6f8db7da6436d85,DCarchimonde/ProteinMPNN,28dff152d83623dfb322480413b7dc889f8537a4
pdb_20260121180800_top1_methy_seq_4_result_0480,train,pdb_,Rosetta-2025,nmethyl_data/raw_pdb/pdb_20260121180800_top1_methy_seq_4_result_0480.pdb,THEORETICAL MODEL,1,2025.25+release.a0cefad01b,22-JAN-26,17305,a8771a7209fbde4a1aa794f3c30c8667cfd824938f235ef13294c9ff9f2f83dc,9eb4ed35fdb42c3be2e84106f25ccf8b8e6272ca,DCarchimonde/ProteinMPNN,28dff152d83623dfb322480413b7dc889f8537a4
pdb_20260121180800_top1_methy_seq_50_result_0428,train,pdb_,Rosetta-2025,nmethyl_data/raw_pdb/pdb_20260121180800_top1_methy_seq_50_result_0428.pdb,THEORETICAL MODEL,1,2025.25+release.a0cefad01b,24-JAN-26,22553,7dc9e3d4e9c2f86e87de8d9ee2e9f0e4f9b6a52879e74cd56e41fa9d4d688ee5,f4191f8bf330095a75ab741f47b0c397597b62c3,DCarchimonde/ProteinMPNN,28dff152d83623dfb322480413b7dc889f8537a4
pdb_20260121180800_top1_methy_seq_51_result_0467,train,pdb_,Rosetta-2025,nmethyl_data/raw_pdb/pdb_20260121180800_top1_methy_seq_51_result_0467.pdb,THEORETICAL MODEL,1,2025.25+release.a0cefad01b,24-JAN-26,16567,26dc8f52bac3efbb071ac26420a37401d6fb354d94ab2a06a589d64b8f44667a,619373fec4aa009711834bd4ff5ac3c34ca02a9c,DCarchimonde/ProteinMPNN,28dff152d83623dfb322480413b7dc889f8537a4
pdb_20260121180800_top1_methy_seq_52_result_0109,train,pdb_,Rosetta-2025,nmethyl_data/raw_pdb/pdb_20260121180800_top1_methy_seq_52_result_0109.pdb,THEORETICAL MODEL,1,2025.25+release.a0cefad01b,24-JAN-26,16833,8d552b21ae9239629031310bf91c4e4f0a4480b252762421b59837c48a3c3ccf,ae7a32493165d636a072510cb1bf229f3a549d4b,DCarchimonde/ProteinMPNN,28dff152d83623dfb322480413b7dc889f8537a4
pdb_20260121180800_top1_methy_seq_53_result_0560,train,pdb_,Rosetta-2025,nmethyl_data/raw_pdb/pdb_20260121180800_top1_methy_seq_53_result_0560.pdb,THEORETICAL MODEL,1,2025.25+release.a0cefad01b,24-JAN-26,19355,0065a91179022e87c24e6ff3b824d6ecd39323027592d68e383120efa4dc82e2,d6753b64f564069db1fa483abdb6f96677eb30db,DCarchimonde/ProteinMPNN,28dff152d83623dfb322480413b7dc889f8537a4
pdb_20260121180800_top1_methy_seq_54_result_0268,train,pdb_,Rosetta-2025,nmethyl_data/raw_pdb/pdb_20260121180800_top1_methy_seq_54_result_0268.pdb,THEORETICAL MODEL,1,2025.25+release.a0cefad01b,25-JAN-26,22143,65fea8fd6fc4f8ff1f641d19b59ccb0ef4cc6a5b83a41181c9d5f57073823717,7619931bc34fefa62cd71ef1357c15bd33ea7c96,DCarchimonde/ProteinMPNN,28dff152d83623dfb322480413b7dc889f8537a4
pdb_20260121180800_top1_methy_seq_55_result_0052,train,pdb_,Rosetta-2025,nmethyl_data/raw_pdb/pdb_20260121180800_top1_methy_seq_55_result_0052.pdb,THEORETICAL MODEL,1,2025.25+release.a0cefad01b,24-JAN-26,10909,1230b9d5c7dcf2afea7f604b78cddad1610441dabcb9adf2152abf088fc2e177,a99df62ee8574e9c010242e6191d03d283d46033,DCarchimonde/ProteinMPNN,28dff152d83623dfb322480413b7dc889f8537a4
pdb_20260121180800_top1_methy_seq_56_result_0132,train,pdb_,Rosetta-2025,nmethyl_data/raw_pdb/pdb_20260121180800_top1_methy_seq_56_result_0132.pdb,THEORETICAL MODEL,1,2025.25+release.a0cefad01b,25-JAN-26,19519,6ef01989a4a73c787029a092c2906535f72fc11fca1c21356ccc34699a528f00,3fc1e520f5806fdd155af6494bd5366db5198616,DCarchimonde/ProteinMPNN,28dff152d83623dfb322480413b7dc889f8537a4
pdb_20260121180800_top1_methy_seq_57_result_0847,train,pdb_,Rosetta-2025,nmethyl_data/raw_pdb/pdb_20260121180800_top1_methy_seq_57_result_0847.pdb,THEORETICAL MODEL,1,2025.25+release.a0cefad01b,25-JAN-26,22799,63cb80c25bef45a988338e8d848fad10abe99631d526b8562c7972f0f6dec4bb,91913f89c0810a2bc2382c54bc8797829073368c,DCarchimonde/ProteinMPNN,28dff152d83623dfb322480413b7dc889f8537a4
pdb_20260121180800_top1_methy_seq_58_result_0283,train,pdb_,Rosetta-2025,nmethyl_data/raw_pdb/pdb_20260121180800_top1_methy_seq_58_result_0283.pdb,THEORETICAL MODEL,1,2025.25+release.a0cefad01b,24-JAN-26,14189,430441c1a6ee9b9da7e2d6d4a53b69f7b87f49a011a007c0e95449b3d9e1d8b1,cce7196529ade0d3f0bb05760cccf796245c43eb,DCarchimonde/ProteinMPNN,28dff152d83623dfb322480413b7dc889f8537a4
pdb_20260121180800_top1_methy_seq_59_result_0581,train,pdb_,Rosetta-2025,nmethyl_data/raw_pdb/pdb_20260121180800_top1_methy_seq_59_result_0581.pdb,THEORETICAL MODEL,1,2025.25+release.a0cefad01b,25-JAN-26,20831,654513d7e1d230e72b68662db7587c53b060a5b8e0600646da3237b689cb91d3,87beb59c41b55ff7e27c8b8b81f9593cf2ac1f4a,DCarchimonde/ProteinMPNN,28dff152d83623dfb322480413b7dc889f8537a4
pdb_20260121180800_top1_methy_seq_5_result_0667,train,pdb_,Rosetta-2025,nmethyl_data/raw_pdb/pdb_20260121180800_top1_methy_seq_5_result_0667.pdb,THEORETICAL MODEL,1,2025.25+release.a0cefad01b,22-JAN-26,18125,c0a536dc90b0f1d0b98f89e9c60e695fa0e97db05952a9243986f41ed92d0188,1f5588bb4d5836fe999abfaa94b8bac795d40ae3,DCarchimonde/ProteinMPNN,28dff152d83623dfb322480413b7dc889f8537a4
pdb_20260121180800_top1_methy_seq_60_result_0466,train,pdb_,Rosetta-2025,nmethyl_data/raw_pdb/pdb_20260121180800_top1_methy_seq_60_result_0466.pdb,THEORETICAL MODEL,1,2025.25+release.a0cefad01b,25-JAN-26,14435,c8726fb73c36d0f362c5fe2612a5b6d6008b8661f1e50da499b67193c6bd2c60,c3d768dc28b3a6276ff893f997c28360b5eb16e9,DCarchimonde/ProteinMPNN,28dff152d83623dfb322480413b7dc889f8537a4
pdb_20260121180800_top1_methy_seq_61_result_0783,train,pdb_,Rosetta-2025,nmethyl_data/raw_pdb/pdb_20260121180800_top1_methy_seq_61_result_0783.pdb,THEORETICAL MODEL,1,2025.25+release.a0cefad01b,26-JAN-26,23373,b323c0618a276e0abdf484a41a0870470df7d814f8f07550cb539a93b43ef354,c19eccc7183ea89d99f003be025d20c30b274a56,DCarchimonde/ProteinMPNN,28dff152d83623dfb322480413b7dc889f8537a4
pdb_20260121180800_top1_methy_seq_62_result_0946,test,pdb_,Rosetta-2025,nmethyl_data/raw_pdb/pdb_20260121180800_top1_methy_seq_62_result_0946.pdb,THEORETICAL MODEL,1,2025.25+release.a0cefad01b,25-JAN-26,19273,1c33eb7423d1e97492a2970a3d9ca3adaa8ec3d9ebd8170f340cca7f23ae3b1b,1bf4a03f062f68d01941622668c5a07252b945a4,DCarchimonde/ProteinMPNN,28dff152d83623dfb322480413b7dc889f8537a4
pdb_20260121180800_top1_methy_seq_63_result_0524,test,pdb_,Rosetta-2025,nmethyl_data/raw_pdb/pdb_20260121180800_top1_methy_seq_63_result_0524.pdb,THEORETICAL MODEL,1,2025.25+release.a0cefad01b,25-JAN-26,19355,b2b2695d8d57a2a864f0eaa03e84c15fdd76811c02ac66601bd8643d9f1b89c3,dbdd6aa76292fe25fbcd95c9fbc032a95cf421c3,DCarchimonde/ProteinMPNN,28dff152d83623dfb322480413b7dc889f8537a4
pdb_20260121180800_top1_methy_seq_64_result_0400,train,pdb_,Rosetta-2025,nmethyl_data/raw_pdb/pdb_20260121180800_top1_methy_seq_64_result_0400.pdb,THEORETICAL MODEL,1,2025.25+release.a0cefad01b,25-JAN-26,23045,c5f18677d57b530404875d99b77645c03e959086b930b44195e71195d4fd6868,763124d295b9ec93be316f5cb6d35b34c245b3f3,DCarchimonde/ProteinMPNN,28dff152d83623dfb322480413b7dc889f8537a4
pdb_20260121180800_top1_methy_seq_65_result_0012,train,pdb_,Rosetta-2025,nmethyl_data/raw_pdb/pdb_20260121180800_top1_methy_seq_65_result_0012.pdb,THEORETICAL MODEL,1,2025.25+release.a0cefad01b,25-JAN-26,18125,cbea67c9f57e4aa6c80e999d6f6c06dfefe95b9c33ee17dbd3f1cf4402d65943,26d960bb2aaf409925785776d6de5b7b2aebba03,DCarchimonde/ProteinMPNN,28dff152d83623dfb322480413b7dc889f8537a4
pdb_20260121180800_top1_methy_seq_66_result_0820,test,pdb_,Rosetta-2025,nmethyl_data/raw_pdb/pdb_20260121180800_top1_methy_seq_66_result_0820.pdb,THEORETICAL MODEL,1,2025.25+release.a0cefad01b,25-JAN-26,14435,8bd0a776d22150c1231d2faa437bb06e2b4a18361755dcbf5cfe104e36012f5d,0dcac5cbcc84f7290eb33e9af7c5f5a3f83ee622,DCarchimonde/ProteinMPNN,28dff152d83623dfb322480413b7dc889f8537a4
pdb_20260121180800_top1_methy_seq_67_result_0715,train,pdb_,Rosetta-2025,nmethyl_data/raw_pdb/pdb_20260121180800_top1_methy_seq_67_result_0715.pdb,THEORETICAL MODEL,1,2025.25+release.a0cefad01b,25-JAN-26,19355,f80d5a5ff00d187fe451e09f5a153f0d8dc62607c866762d797feee2d39c5cd8,b1ef01433a923a123930d5f77bf1490bb86b3b0f,DCarchimonde/ProteinMPNN,28dff152d83623dfb322480413b7dc889f8537a4
pdb_20260121180800_top1_methy_seq_68_result_0899,test,pdb_,Rosetta-2025,nmethyl_data/raw_pdb/pdb_20260121180800_top1_methy_seq_68_result_0899.pdb,THEORETICAL MODEL,1,2025.25+release.a0cefad01b,25-JAN-26,24521,da5c3f7c17ad4dd4363ee6601b78048e9b06e830a3e2e537fdbc0f68639b907d,bd29ff1b4e1373f706676c137165da70cc49c1c2,DCarchimonde/ProteinMPNN,28dff152d83623dfb322480413b7dc889f8537a4
pdb_20260121180800_top1_methy_seq_69_result_0226,train,pdb_,Rosetta-2025,nmethyl_data/raw_pdb/pdb_20260121180800_top1_methy_seq_69_result_0226.pdb,THEORETICAL MODEL,1,2025.25+release.a0cefad01b,25-JAN-26,18176,afd44d28173312f516484bc660cb4d10433d2490b4f3e30d266b693a0698ddea,3f1fb5fef43dd07bc40287b714426d6deab898dc,DCarchimonde/ProteinMPNN,28dff152d83623dfb322480413b7dc889f8537a4
pdb_20260121180800_top1_methy_seq_6_result_0252,train,pdb_,Rosetta-2025,nmethyl_data/raw_pdb/pdb_20260121180800_top1_methy_seq_6_result_0252.pdb,THEORETICAL MODEL,1,2025.25+release.a0cefad01b,22-JAN-26,16321,9953c0e5e552dc636dcc091ad79897f24479cd8d9bebc57b175bc8b5be99718a,4d87b115c5022a7e00bc5838424fd91a0079d8b2,DCarchimonde/ProteinMPNN,28dff152d83623dfb322480413b7dc889f8537a4
pdb_20260121180800_top1_methy_seq_70_result_0319,train,pdb_,Rosetta-2025,nmethyl_data/raw_pdb/pdb_20260121180800_top1_methy_seq_70_result_0319.pdb,THEORETICAL MODEL,1,2025.25+release.a0cefad01b,25-JAN-26,20585,364de956e8d529875866eef56a955dfe503b20fceb49cc81d86fc7bf88863b09,43bd4cba58f501cf63b24bb83975be65a61a752c,DCarchimonde/ProteinMPNN,28dff152d83623dfb322480413b7dc889f8537a4
pdb_20260121180800_top1_methy_seq_71_result_0328,train,pdb_,Rosetta-2025,nmethyl_data/raw_pdb/pdb_20260121180800_top1_methy_seq_71_result_0328.pdb,THEORETICAL MODEL,1,2025.25+release.a0cefad01b,25-JAN-26,21241,da52d7cf959f06c0f7c9300af644844af07bbdfa095b762fbc7c2c694c5993fe,5f7070e204f40602dcb2041621cae4bfd9aeb954,DCarchimonde/ProteinMPNN,28dff152d83623dfb322480413b7dc889f8537a4
pdb_20260121180800_top1_methy_seq_72_result_0866,train,pdb_,Rosetta-2025,nmethyl_data/raw_pdb/pdb_20260121180800_top1_methy_seq_72_result_0866.pdb,THEORETICAL MODEL,1,2025.25+release.a0cefad01b,26-JAN-26,20831,6a780aaedf9dc52b4d6e014faac1a54d3b87b7cfb3f7484435eb582ea143dc8b,09e1ab73e948ba22c2161dbf62a513b8c7369d8f,DCarchimonde/ProteinMPNN,28dff152d83623dfb322480413b7dc889f8537a4
pdb_20260121180800_top1_methy_seq_73_result_0975,train,pdb_,Rosetta-2025,nmethyl_data/raw_pdb/pdb_20260121180800_top1_methy_seq_73_result_0975.pdb,THEORETICAL MODEL,1,2025.25+release.a0cefad01b,26-JAN-26,21804,4a9617e3bd937f1ac511024b05e3466326d7dcd63bcc247af60acff0a274e4ef,a5e9b56acd7cc919c78059ad0f7105b4bba81d1b,DCarchimonde/ProteinMPNN,28dff152d83623dfb322480413b7dc889f8537a4
pdb_20260121180800_top1_methy_seq_74_result_0200,train,pdb_,Rosetta-2025,nmethyl_data/raw_pdb/pdb_20260121180800_top1_methy_seq_74_result_0200.pdb,THEORETICAL MODEL,1,2025.25+release.a0cefad01b,26-JAN-26,17305,09bc82c63b76d41e9b4cfaa3580cf1785477ad2b0b2895669d78f53fdbfdba6c,f981fdf752e7b87fc550ac5c570e93770a6dfd10,DCarchimonde/ProteinMPNN,28dff152d83623dfb322480413b7dc889f8537a4
pdb_20260121180800_top1_methy_seq_75_result_0737,test,pdb_,Rosetta-2025,nmethyl_data/raw_pdb/pdb_20260121180800_top1_methy_seq_75_result_0737.pdb,THEORETICAL MODEL,1,2025.25+release.a0cefad01b,25-JAN-26,23209,d819bd0fe5c820785ad4a3009f712de925266ee8e63f69f817ec7a79cbdea3ab,a967b920ae5a77b4b081d074078210244b960611,DCarchimonde/ProteinMPNN,28dff152d83623dfb322480413b7dc889f8537a4
pdb_20260121180800_top1_methy_seq_76_result_0567,test,pdb_,Rosetta-2025,nmethyl_data/raw_pdb/pdb_20260121180800_top1_methy_seq_76_result_0567.pdb,THEORETICAL MODEL,1,2025.25+release.a0cefad01b,26-JAN-26,18289,db003e92d617949fa4346f832dc9210fb0c8b3b5fc07c4892d00e87ceb746a53,fb894137928caa3c1c3f7d7322f3381b32f02f10,DCarchimonde/ProteinMPNN,28dff152d83623dfb322480413b7dc889f8537a4
pdb_20260121180800_top1_methy_seq_77_result_0313,train,pdb_,Rosetta-2025,nmethyl_data/raw_pdb/pdb_20260121180800_top1_methy_seq_77_result_0313.pdb,THEORETICAL MODEL,1,2025.25+release.a0cefad01b,25-JAN-26,15665,c54595f52ceb62a9ba1f108cd7065d5fba0ca9c846858e9e191874d3894729cb,bb636be2094974a78114039b4fc0956e83c6d7ea,DCarchimonde/ProteinMPNN,28dff152d83623dfb322480413b7dc889f8537a4
pdb_20260121180800_top1_methy_seq_78_result_0291,train,pdb_,Rosetta-2025,nmethyl_data/raw_pdb/pdb_20260121180800_top1_methy_seq_78_result_0291.pdb,THEORETICAL MODEL,1,2025.25+release.a0cefad01b,27-JAN-26,24767,c78cd8bbdb250c114e337571e52e44f9bc40f0d13f9381271d4423d356c4561c,58e689b36c3e658f29a95ff2d19484e3d356bacd,DCarchimonde/ProteinMPNN,28dff152d83623dfb322480413b7dc889f8537a4
pdb_20260121180800_top1_methy_seq_79_result_0343,train,pdb_,Rosetta-2025,nmethyl_data/raw_pdb/pdb_20260121180800_top1_methy_seq_79_result_0343.pdb,THEORETICAL MODEL,1,2025.25+release.a0cefad01b,26-JAN-26,19355,f2308e5e476c097c01a589960f5f74843a687842586aa658503c6f9b868db71b,3a37b2e0298d25ac10657caa06ef1fecd115d305,DCarchimonde/ProteinMPNN,28dff152d83623dfb322480413b7dc889f8537a4
pdb_20260121180800_top1_methy_seq_7_result_0474,train,pdb_,Rosetta-2025,nmethyl_data/raw_pdb/pdb_20260121180800_top1_methy_seq_7_result_0474.pdb,THEORETICAL MODEL,1,2025.25+release.a0cefad01b,22-JAN-26,20093,cd82b00300f89e5dcd92843ef50988ca1b995fbba667218155f4ae2d5c9121d8,41e156a08cff6bd7fa322f260039360cacf6a821,DCarchimonde/ProteinMPNN,28dff152d83623dfb322480413b7dc889f8537a4
pdb_20260121180800_top1_methy_seq_80_result_0655,test,pdb_,Rosetta-2025,nmethyl_data/raw_pdb/pdb_20260121180800_top1_methy_seq_80_result_0655.pdb,THEORETICAL MODEL,1,2025.25+release.a0cefad01b,25-JAN-26,21405,07a315199126586b80e7c85a1a8d2158336a6ae5e8f6032e9bd8bc5c4e77c68a,b3ac11992a58caa905baf421dead2ec8f749ddfb,DCarchimonde/ProteinMPNN,28dff152d83623dfb322480413b7dc889f8537a4
pdb_20260121180800_top1_methy_seq_81_result_0732,train,pdb_,Rosetta-2025,nmethyl_data/raw_pdb/pdb_20260121180800_top1_methy_seq_81_result_0732.pdb,THEORETICAL MODEL,1,2025.25+release.a0cefad01b,26-JAN-26,13697,3936a776af981330823e916d39db6ec5c5a5b6a97a65f0be34662fc679081948,a26fc6e73a850bc93fce48cf2a424c3bc0086a00,DCarchimonde/ProteinMPNN,28dff152d83623dfb322480413b7dc889f8537a4
pdb_20260121180800_top1_methy_seq_82_result_0746,train,pdb_,Rosetta-2025,nmethyl_data/raw_pdb/pdb_20260121180800_top1_methy_seq_82_result_0746.pdb,THEORETICAL MODEL,1,2025.25+release.a0cefad01b,26-JAN-26,18781,4122c1ff539d169b920a6e62ac45b8a76b489ca92155f98128231a53539ad102,2fd7462f60a5f9b3bd28297c600285c177d48f3e,DCarchimonde/ProteinMPNN,28dff152d83623dfb322480413b7dc889f8537a4
pdb_20260121180800_top1_methy_seq_83_result_0794,train,pdb_,Rosetta-2025,nmethyl_data/raw_pdb/pdb_20260121180800_top1_methy_seq_83_result_0794.pdb,THEORETICAL MODEL,1,2025.25+release.a0cefad01b,26-JAN-26,20820,8e55dc1fb9c25bd4c716128b6af9823c672ec4793a846588b8dcbef65840757e,462680d06c0e9a0d3dfc6e4a7caf0a5f97cc3e37,DCarchimonde/ProteinMPNN,28dff152d83623dfb322480413b7dc889f8537a4
pdb_20260121180800_top1_methy_seq_84_result_0057,train,pdb_,Rosetta-2025,nmethyl_data/raw_pdb/pdb_20260121180800_top1_methy_seq_84_result_0057.pdb,THEORETICAL MODEL,1,2025.25+release.a0cefad01b,26-JAN-26,18125,691569a07160f277b8cbf0b403c44fc0e0b347becd260afa67ada256cf955db8,56474218848633005a16737e6bc36ddc452ac2d6,DCarchimonde/ProteinMPNN,28dff152d83623dfb322480413b7dc889f8537a4
pdb_20260121180800_top1_methy_seq_85_result_0095,train,pdb_,Rosetta-2025,nmethyl_data/raw_pdb/pdb_20260121180800_top1_methy_seq_85_result_0095.pdb,THEORETICAL MODEL,1,2025.25+release.a0cefad01b,26-JAN-26,16075,b9b712cbe2f62990a204a43dbd496c83964beace047cdb2b6ffe3cfeaab46afe,3cb656733bf2d512da363bf640456893bea8bd99,DCarchimonde/ProteinMPNN,28dff152d83623dfb322480413b7dc889f8537a4
pdb_20260121180800_top1_methy_seq_86_result_0953,train,pdb_,Rosetta-2025,nmethyl_data/raw_pdb/pdb_20260121180800_top1_methy_seq_86_result_0953.pdb,THEORETICAL MODEL,1,2025.25+release.a0cefad01b,26-JAN-26,17961,d76a32f0a1a8f239944da5b496aaff5d65645898a7ed683569570e3e4b8b0c6e,c9f3d774d3ef951f9ed883fb50262313b56effb3,DCarchimonde/ProteinMPNN,28dff152d83623dfb322480413b7dc889f8537a4
pdb_20260121180800_top1_methy_seq_87_result_0791,test,pdb_,Rosetta-2025,nmethyl_data/raw_pdb/pdb_20260121180800_top1_methy_seq_87_result_0791.pdb,THEORETICAL MODEL,1,2025.25+release.a0cefad01b,26-JAN-26,21077,92007157195626bab96ba5655d05fa190992b9b533cee86ef3a11f06d65ae549,9af08893dfe2fbd51fa5d4ba5ca4cd85de96173f,DCarchimonde/ProteinMPNN,28dff152d83623dfb322480413b7dc889f8537a4
pdb_20260121180800_top1_methy_seq_88_result_0786,train,pdb_,Rosetta-2025,nmethyl_data/raw_pdb/pdb_20260121180800_top1_methy_seq_88_result_0786.pdb,THEORETICAL MODEL,1,2025.25+release.a0cefad01b,26-JAN-26,16157,72c6c2f5b98059d5f913ccdf1824fc0099610184f691f72447273d45928398bc,df9b2930222f9ed44eca98e49567133d9903a4e5,DCarchimonde/ProteinMPNN,28dff152d83623dfb322480413b7dc889f8537a4
pdb_20260121180800_top1_methy_seq_89_result_0518,train,pdb_,Rosetta-2025,nmethyl_data/raw_pdb/pdb_20260121180800_top1_methy_seq_89_result_0518.pdb,THEORETICAL MODEL,1,2025.25+release.a0cefad01b,26-JAN-26,22061,9d9838a8f3a4dee75c6f421960960e669645731233b489675a171d5c3ee022fc,4b570cc4a5892f9d20b83a455708ddb2b241aaf7,DCarchimonde/ProteinMPNN,28dff152d83623dfb322480413b7dc889f8537a4
pdb_20260121180800_top1_methy_seq_8_result_0115,train,pdb_,Rosetta-2025,nmethyl_data/raw_pdb/pdb_20260121180800_top1_methy_seq_8_result_0115.pdb,THEORETICAL MODEL,1,2025.25+release.a0cefad01b,22-JAN-26,20831,11d77cd3780255eb14f2e2d149ef25469b40f0020faf742a52a3d247938c4860,875128a1fa9378d9508e5c46905fb50f75ced48a,DCarchimonde/ProteinMPNN,28dff152d83623dfb322480413b7dc889f8537a4
pdb_20260121180800_top1_methy_seq_90_result_0736,train,pdb_,Rosetta-2025,nmethyl_data/raw_pdb/pdb_20260121180800_top1_methy_seq_90_result_0736.pdb,THEORETICAL MODEL,1,2025.25+release.a0cefad01b,26-JAN-26,16567,1c96407452b333d43849443249e72294c26501ff4968a4927648641473136b8c,c2453d02886a69864daffc599ca15b0fe195a705,DCarchimonde/ProteinMPNN,28dff152d83623dfb322480413b7dc889f8537a4
pdb_20260121180800_top1_methy_seq_91_result_0827,train,pdb_,Rosetta-2025,nmethyl_data/raw_pdb/pdb_20260121180800_top1_methy_seq_91_result_0827.pdb,THEORETICAL MODEL,1,2025.25+release.a0cefad01b,27-JAN-26,25505,ab83e763e58b22fcf53b4993690e1d38f3c3dbb0995da7e5c30dafca19766139,b65ffd237d93feab7152180aef2e831b607ee8dc,DCarchimonde/ProteinMPNN,28dff152d83623dfb322480413b7dc889f8537a4
pdb_20260121180800_top1_methy_seq_92_result_0192,test,pdb_,Rosetta-2025,nmethyl_data/raw_pdb/pdb_20260121180800_top1_methy_seq_92_result_0192.pdb,THEORETICAL MODEL,1,2025.25+release.a0cefad01b,28-JAN-26,24193,de6672028ff92401f4ba604c5c9103a160b6356d42ccdd76fd50e574316d34d7,8d0dccd5181ad041e83c4d9ce69324612c6c53bf,DCarchimonde/ProteinMPNN,28dff152d83623dfb322480413b7dc889f8537a4
pdb_20260121180800_top1_methy_seq_93_result_0227,train,pdb_,Rosetta-2025,nmethyl_data/raw_pdb/pdb_20260121180800_top1_methy_seq_93_result_0227.pdb,THEORETICAL MODEL,1,2025.25+release.a0cefad01b,26-JAN-26,18781,bd84a68e1d9a6b9acfb8bce652328e9df66d613e4d1ad8c71ead4710001a9231,f765695d16ec9d5f625d04989e2e338bdbb25cb5,DCarchimonde/ProteinMPNN,28dff152d83623dfb322480413b7dc889f8537a4
pdb_20260121180800_top1_methy_seq_94_result_0747,train,pdb_,Rosetta-2025,nmethyl_data/raw_pdb/pdb_20260121180800_top1_methy_seq_94_result_0747.pdb,THEORETICAL MODEL,1,2025.25+release.a0cefad01b,27-JAN-26,19765,31277abc204a539fcb8f99dc581e2abbe0fe6a58de1f5b20c5f49e04f9777e7f,1cc799aa1d3fa4a445144fb69edc84c15dcf0eda,DCarchimonde/ProteinMPNN,28dff152d83623dfb322480413b7dc889f8537a4
pdb_20260121180800_top1_methy_seq_95_result_0043,train,pdb_,Rosetta-2025,nmethyl_data/raw_pdb/pdb_20260121180800_top1_methy_seq_95_result_0043.pdb,THEORETICAL MODEL,1,2025.25+release.a0cefad01b,26-JAN-26,15747,41834973d3a3e302c9dcd971361d3cf488f8176caf0fb8535c1a445311bb2269,6c46a933f7851e40ee1d88014e6ae400c84a148e,DCarchimonde/ProteinMPNN,28dff152d83623dfb322480413b7dc889f8537a4
pdb_20260121180800_top1_methy_seq_96_result_0582,train,pdb_,Rosetta-2025,nmethyl_data/raw_pdb/pdb_20260121180800_top1_methy_seq_96_result_0582.pdb,THEORETICAL MODEL,1,2025.25+release.a0cefad01b,26-JAN-26,19519,079524e16049768d7e5a741f6369d1d644c9edbaf4aa5932302900a8295d4259,d207b302437bb88380c0d893ef29e4aeace373cc,DCarchimonde/ProteinMPNN,28dff152d83623dfb322480413b7dc889f8537a4
pdb_20260121180800_top1_methy_seq_97_result_0213,train,pdb_,Rosetta-2025,nmethyl_data/raw_pdb/pdb_20260121180800_top1_methy_seq_97_result_0213.pdb,THEORETICAL MODEL,1,2025.25+release.a0cefad01b,27-JAN-26,21487,552ddfcfef7b67224da1bb5313d26cc42b56d8c7005618633cf9806c1c2f096d,911326b9f1e34929098a56e7dbd67b730b07a4b2,DCarchimonde/ProteinMPNN,28dff152d83623dfb322480413b7dc889f8537a4
pdb_20260121180800_top1_methy_seq_98_result_0179,train,pdb_,Rosetta-2025,nmethyl_data/raw_pdb/pdb_20260121180800_top1_methy_seq_98_result_0179.pdb,THEORETICAL MODEL,1,2025.25+release.a0cefad01b,27-JAN-26,18575,6d39887eea15ab5e4ca41b81e9c9a994eb0d5ed7cddb389cae0f211bc96d748d,3d70badb0ef34b9dfbe7acc5721078d5fcb4ce37,DCarchimonde/ProteinMPNN,28dff152d83623dfb322480413b7dc889f8537a4
pdb_20260121180800_top1_methy_seq_99_result_0720,train,pdb_,Rosetta-2025,nmethyl_data/raw_pdb/pdb_20260121180800_top1_methy_seq_99_result_0720.pdb,THEORETICAL MODEL,1,2025.25+release.a0cefad01b,27-JAN-26,21733,e2d6e89f926caab248e8408f6df3524ef9ad68440c00cf4ea79482d6ab521415,d2dc353aad347a8c44cff0615f017031f343d171,DCarchimonde/ProteinMPNN,28dff152d83623dfb322480413b7dc889f8537a4
pdb_20260121180800_top1_methy_seq_9_result_0895,train,pdb_,Rosetta-2025,nmethyl_data/raw_pdb/pdb_20260121180800_top1_methy_seq_9_result_0895.pdb,THEORETICAL MODEL,1,2025.25+release.a0cefad01b,22-JAN-26,20257,db2f2ff306abd74e29ac496d9cb3467f9280b783ac8d00f3b813a395aa5a5f96,03914cc8e8b3865393afb467a06b4c19d7a015bb,DCarchimonde/ProteinMPNN,28dff152d83623dfb322480413b7dc889f8537a4
